X Filtered Pixel; Y Filtered Pixel; X Filtered Normalized; Y Filtered Normalized; X Raw Normalized; Y Raw Normalized; Distance to Camera in mm; Eye Aspect Ratio (Height/Width); Blinking; Timestamp With Milliseconds; Unix Timestamp In Milliseconds; AOI List; Additional Notes
815;680;0.4246003;0.6298724;0.4246003;0.6298724;600.1;0.1875647;False;12/21/2025 10:50:07 PM:817;1766332207817;;
883;339;0.4604021;0.3142763;0.5173592;0.1437343;605.9;0.1972701;False;12/21/2025 10:50:08 PM:19;1766332208019;;
905;532;0.4716071;0.4934315;0.5057632;0.6087345;614.3;0.187696;False;12/21/2025 10:50:09 PM:540;1766332209540;;
942;541;0.4911353;0.5012702;0.574984;0.620806;621.9;0.188178;False;12/21/2025 10:50:09 PM:598;1766332209598;;
935;501;0.487128;0.4647638;0.4648323;0.3716153;629.1;0.1839657;False;12/21/2025 10:50:09 PM:654;1766332209654;;
894;527;0.4659015;0.4887603;0.4387207;0.577692;634.3;0.2210024;False;12/21/2025 10:50:11 PM:678;1766332211678;;
896;443;0.4668835;0.4108621;0.477356;0.2550713;639.0;0.2153165;False;12/21/2025 10:50:11 PM:726;1766332211726;;
896;447;0.4668316;0.4140542;0.4505259;0.4615449;646.1;0.2295062;False;12/21/2025 10:50:11 PM:779;1766332211779;;
891;501;0.4644185;0.4641305;0.4397503;0.5817171;644.9;0.2367251;False;12/21/2025 10:50:12 PM:133;1766332212133;;
891;501;0.4641938;0.4641522;0.4517149;0.5536719;643.9;0.2296705;False;12/21/2025 10:50:12 PM:167;1766332212167;;
886;503;0.461555;0.4662582;0.4323799;0.5475954;636.4;0.2029316;False;12/21/2025 10:50:12 PM:400;1766332212400;;
885;502;0.461369;0.4655183;0.4419865;0.4585323;629.6;0.1967318;False;12/21/2025 10:50:12 PM:432;1766332212432;;
883;594;0.4602176;0.5503315;0.4529926;0.6628358;655.6;0.197454;False;12/21/2025 10:50:13 PM:398;1766332213398;;
881;595;0.4589991;0.5512179;0.4302897;0.5603127;678.9;0.1981947;False;12/21/2025 10:50:13 PM:431;1766332213431;;
876;597;0.4565268;0.5529464;0.417626;0.5839843;698.3;0.1828097;False;12/21/2025 10:50:13 PM:465;1766332213465;;
872;598;0.4546537;0.5542643;0.4176294;0.5839815;715.8;0.1827945;False;12/21/2025 10:50:13 PM:497;1766332213497;;
865;600;0.4507914;0.5562176;0.402391;0.6351503;737.3;0.1638518;False;12/21/2025 10:50:13 PM:533;1766332213533;;
860;602;0.4479695;0.5577067;0.4023941;0.6351498;756.6;0.1638362;False;12/21/2025 10:50:13 PM:568;1766332213568;;
859;603;0.4477314;0.5587241;0.4221112;0.576997;764.0;0.1871311;False;12/21/2025 10:50:13 PM:603;1766332213603;;
859;600;0.4474921;0.556174;0.4409868;0.532602;770.7;0.1871749;False;12/21/2025 10:50:13 PM:642;1766332213642;;
956;603;0.4980802;0.5585079;0.5374666;0.5697556;758.3;0.2362089;False;12/21/2025 10:50:17 PM:404;1766332217404;;
954;501;0.4970118;0.4643776;0.4883937;0.2662049;747.1;0.220562;False;12/21/2025 10:50:17 PM:451;1766332217451;;
937;501;0.4880607;0.4646136;0.4467402;0.4692387;741.1;0.2253952;False;12/21/2025 10:50:17 PM:500;1766332217500;;
930;494;0.4848758;0.4576087;0.4600572;0.4072005;727.5;0.2216666;False;12/21/2025 10:50:17 PM:550;1766332217550;;
925;488;0.4820214;0.4520051;0.4560408;0.4027263;715.3;0.2221613;False;12/21/2025 10:50:17 PM:599;1766332217599;;
995;560;0.5187493;0.5193318;0.5630127;0.5983907;712.8;0.2276932;False;12/21/2025 10:50:18 PM:724;1766332218724;;
988;560;0.5146515;0.5193552;0.4848538;0.5806205;710.6;0.2230148;False;12/21/2025 10:50:18 PM:756;1766332218756;;
988;562;0.5147941;0.5210819;0.5174495;0.5987208;708.6;0.2232695;False;12/21/2025 10:50:18 PM:791;1766332218791;;
971;556;0.5060581;0.5150059;0.4549136;0.4694151;702.0;0.2163805;False;12/21/2025 10:50:18 PM:824;1766332218824;;
954;556;0.4972701;0.5153237;0.4441022;0.5216483;696.0;0.217018;False;12/21/2025 10:50:18 PM:857;1766332218857;;
937;560;0.4882506;0.5193288;0.4328164;0.5990893;693.4;0.2135387;False;12/21/2025 10:50:18 PM:891;1766332218891;;
923;564;0.4812331;0.5225803;0.429412;0.6007584;691.0;0.2138689;False;12/21/2025 10:50:18 PM:923;1766332218923;;
913;565;0.4756628;0.5232532;0.4300661;0.5422147;689.3;0.2302949;False;12/21/2025 10:50:18 PM:959;1766332218959;;
910;564;0.4741836;0.5224942;0.4484152;0.5110032;689.0;0.2151196;False;12/21/2025 10:50:18 PM:993;1766332218993;;
906;564;0.4721696;0.5227847;0.4429545;0.5474735;688.8;0.2152746;False;12/21/2025 10:50:19 PM:35;1766332219035;;
906;548;0.4718826;0.5081029;0.4569808;0.4268342;687.4;0.2160784;False;12/21/2025 10:50:19 PM:78;1766332219078;;
915;550;0.4766026;0.5096857;0.5152292;0.5542199;686.2;0.2165765;False;12/21/2025 10:50:19 PM:115;1766332219115;;
914;543;0.4764194;0.5030611;0.4660532;0.4475657;682.6;0.1941029;False;12/21/2025 10:50:19 PM:157;1766332219157;;
914;538;0.4762837;0.4986908;0.4657693;0.446589;679.4;0.194214;False;12/21/2025 10:50:19 PM:192;1766332219192;;
912;540;0.4751432;0.5001234;0.4502515;0.5349756;676.8;0.1874465;False;12/21/2025 10:50:19 PM:228;1766332219228;;
910;541;0.4742157;0.5012926;0.4502506;0.5349704;674.4;0.1874512;False;12/21/2025 10:50:19 PM:267;1766332219267;;
911;540;0.4749155;0.5005745;0.4878451;0.48236;675.6;0.2085307;False;12/21/2025 10:50:19 PM:302;1766332219302;;
968;569;0.5042612;0.5271118;0.5704953;0.6223786;675.2;0.2216956;False;12/21/2025 10:50:19 PM:391;1766332219391;;
970;571;0.5053173;0.529223;0.5279076;0.5833068;674.9;0.2192882;False;12/21/2025 10:50:19 PM:423;1766332219423;;
986;566;0.5138143;0.5244139;0.5737616;0.475056;676.6;0.2067317;False;12/21/2025 10:50:19 PM:458;1766332219458;;
997;562;0.5197378;0.5209541;0.5737665;0.4750503;678.2;0.2067371;False;12/21/2025 10:50:19 PM:490;1766332219490;;
997;550;0.5196057;0.5094377;0.5153508;0.4223697;677.5;0.2080109;False;12/21/2025 10:50:19 PM:526;1766332219526;;
997;544;0.5196314;0.5039207;0.5241315;0.4376314;676.9;0.208161;False;12/21/2025 10:50:19 PM:559;1766332219559;;
997;539;0.5196544;0.4993064;0.524182;0.4375594;676.4;0.2082345;False;12/21/2025 10:50:19 PM:594;1766332219594;;
986;523;0.5139094;0.4844659;0.4683882;0.3757881;678.4;0.2117078;False;12/21/2025 10:50:19 PM:630;1766332219630;;
969;523;0.5049954;0.4847657;0.4464836;0.4936199;678.1;0.2049952;False;12/21/2025 10:50:19 PM:665;1766332219665;;
958;523;0.499014;0.4849775;0.4464894;0.4934129;677.7;0.205208;False;12/21/2025 10:50:19 PM:697;1766332219697;;
957;452;0.498706;0.4190904;0.4840467;0.2147258;679.9;0.2222444;False;12/21/2025 10:50:19 PM:733;1766332219733;;
957;425;0.4986739;0.3941249;0.4900638;0.2632518;681.8;0.2224792;False;12/21/2025 10:50:19 PM:765;1766332219765;;
949;427;0.4946758;0.3962562;0.4499403;0.4398578;684.2;0.2097814;False;12/21/2025 10:50:19 PM:799;1766332219799;;
944;429;0.4918069;0.3978263;0.449942;0.4397882;686.2;0.2098843;False;12/21/2025 10:50:19 PM:831;1766332219831;;
944;363;0.4917915;0.3364712;0.491224;0.1438457;686.1;0.2220327;False;12/21/2025 10:50:19 PM:865;1766332219865;;
944;333;0.4917296;0.3090973;0.4872788;0.1814255;685.9;0.2223986;False;12/21/2025 10:50:19 PM:898;1766332219898;;
943;409;0.4911509;0.379185;0.4692631;0.6014642;686.5;0.2320125;False;12/21/2025 10:50:19 PM:932;1766332219932;;
943;467;0.4911731;0.4327611;0.4920026;0.618757;687.0;0.2323125;False;12/21/2025 10:50:19 PM:966;1766332219966;;
942;498;0.4906268;0.4612817;0.4692647;0.6014637;687.5;0.2320165;False;12/21/2025 10:50:19 PM:998;1766332219998;;
941;486;0.49018;0.4508334;0.4693401;0.3564603;689.4;0.2168852;False;12/21/2025 10:50:20 PM:30;1766332220030;;
937;487;0.4884053;0.4509325;0.4533511;0.4553838;688.1;0.2224126;False;12/21/2025 10:50:20 PM:63;1766332220063;;
934;487;0.4869606;0.4510162;0.4533614;0.4554273;687.0;0.2222959;False;12/21/2025 10:50:20 PM:96;1766332220096;;
934;444;0.4868205;0.4118221;0.4803319;0.2450941;687.7;0.214255;False;12/21/2025 10:50:20 PM:130;1766332220130;;
934;420;0.48675;0.3889545;0.4748338;0.2563197;688.4;0.2148279;False;12/21/2025 10:50:20 PM:163;1766332220163;;
934;390;0.4866373;0.3618343;0.4783573;0.2262949;693.3;0.2092799;False;12/21/2025 10:50:20 PM:200;1766332220200;;
934;372;0.4865555;0.3444868;0.4783361;0.2261259;697.6;0.2098627;False;12/21/2025 10:50:20 PM:232;1766332220232;;
931;380;0.4853864;0.3519666;0.4559321;0.4210797;701.8;0.215782;False;12/21/2025 10:50:20 PM:267;1766332220267;;
929;398;0.4838603;0.3690154;0.4504077;0.4761313;705.5;0.2161563;False;12/21/2025 10:50:20 PM:301;1766332220301;;
929;363;0.4841146;0.336219;0.4894755;0.1873794;701.9;0.1954873;False;12/21/2025 10:50:20 PM:336;1766332220336;;
929;335;0.4842605;0.3104258;0.4882767;0.1767616;698.7;0.196055;False;12/21/2025 10:50:20 PM:370;1766332220370;;
930;319;0.4845359;0.2962771;0.4915434;0.1974332;700.7;0.2140083;False;12/21/2025 10:50:20 PM:406;1766332220406;;
930;308;0.4847592;0.2856497;0.4915279;0.1973147;702.5;0.2143638;False;12/21/2025 10:50:20 PM:445;1766332220445;;
929;314;0.484058;0.2914771;0.4655891;0.3453995;702.9;0.2179084;False;12/21/2025 10:50:20 PM:488;1766332220488;;
927;322;0.4830996;0.2983298;0.4596458;0.3650922;703.3;0.219163;False;12/21/2025 10:50:20 PM:526;1766332220526;;
926;323;0.4826698;0.2994129;0.4636923;0.3299908;704.2;0.2151879;False;12/21/2025 10:50:20 PM:562;1766332220562;;
926;306;0.4827515;0.2840952;0.4853875;0.1857088;706.4;0.2123744;False;12/21/2025 10:50:20 PM:599;1766332220599;;
926;297;0.4827324;0.2756988;0.4815002;0.1967797;708.4;0.2127115;False;12/21/2025 10:50:20 PM:634;1766332220634;;
927;284;0.4828477;0.2636948;0.4873607;0.1670388;709.2;0.206421;False;12/21/2025 10:50:20 PM:669;1766332220669;;
927;278;0.4828753;0.2577346;0.4847523;0.1827103;709.9;0.2069887;False;12/21/2025 10:50:20 PM:701;1766332220701;;
924;322;0.4816914;0.2987906;0.4571792;0.4530847;711.3;0.2013761;False;12/21/2025 10:50:20 PM:737;1766332220737;;
923;350;0.4808159;0.3248079;0.4571399;0.4529761;712.6;0.2018812;False;12/21/2025 10:50:20 PM:769;1766332220769;;
920;445;0.4791878;0.4124754;0.4489558;0.6238605;711.6;0.2058057;False;12/21/2025 10:50:20 PM:808;1766332220808;;
915;501;0.4766468;0.4646917;0.4370972;0.6320581;710.7;0.2053007;False;12/21/2025 10:50:20 PM:842;1766332220842;;
914;541;0.4762588;0.5015031;0.4543526;0.6348985;711.4;0.208178;False;12/21/2025 10:50:20 PM:877;1766332220877;;
913;573;0.4758709;0.5307382;0.4543661;0.6349023;712.1;0.2080819;False;12/21/2025 10:50:20 PM:926;1766332220926;;
913;606;0.4757535;0.5615698;0.4633419;0.6876399;714.5;0.2180568;False;12/21/2025 10:50:20 PM:963;1766332220963;;
913;627;0.4756497;0.5805925;0.4638171;0.681072;722.9;0.2106007;False;12/21/2025 10:50:20 PM:999;1766332220999;;
913;639;0.4755697;0.5924441;0.4640505;0.6791298;730.5;0.2112057;False;12/21/2025 10:50:21 PM:32;1766332221032;;
911;640;0.4749187;0.5929319;0.4493615;0.6079069;731.5;0.225962;False;12/21/2025 10:50:21 PM:66;1766332221066;;
910;640;0.4743586;0.5930378;0.448767;0.5994477;732.4;0.2263111;False;12/21/2025 10:50:21 PM:99;1766332221099;;
908;640;0.4729634;0.5930507;0.4414256;0.5943022;733.9;0.1896271;False;12/21/2025 10:50:21 PM:146;1766332221146;;
907;640;0.4727173;0.5930453;0.4493231;0.5885843;735.3;0.1876689;False;12/21/2025 10:50:21 PM:183;1766332221183;;
907;573;0.4726787;0.531003;0.4717817;0.3380443;736.8;0.1857832;False;12/21/2025 10:50:21 PM:220;1766332221220;;
907;531;0.4726797;0.4919639;0.4727088;0.3380862;738.3;0.1863267;False;12/21/2025 10:50:21 PM:256;1766332221256;;
907;543;0.4726407;0.5032844;0.4582919;0.6006888;740.4;0.2123917;False;12/21/2025 10:50:21 PM:290;1766332221290;;
907;550;0.4724528;0.5092724;0.4544773;0.5860559;742.3;0.2128337;False;12/21/2025 10:50:21 PM:325;1766332221325;;
906;568;0.4723924;0.5259524;0.4607137;0.6470309;742.3;0.222932;False;12/21/2025 10:50:21 PM:359;1766332221359;;
906;579;0.4723116;0.5365217;0.462432;0.6376619;739.6;0.2086152;False;12/21/2025 10:50:21 PM:395;1766332221395;;
906;585;0.4722416;0.5424249;0.4630091;0.6275762;737.3;0.2089623;False;12/21/2025 10:50:21 PM:428;1766332221428;;
906;587;0.4722016;0.5439519;0.4617875;0.6010048;737.6;0.2064654;False;12/21/2025 10:50:21 PM:462;1766332221462;;
906;588;0.4721674;0.545235;0.4617605;0.6009663;737.8;0.2066471;False;12/21/2025 10:50:21 PM:497;1766332221497;;
906;591;0.4721026;0.547838;0.4642117;0.6162295;742.2;0.2225279;False;12/21/2025 10:50:21 PM:533;1766332221533;;
906;593;0.47201;0.5496794;0.4675685;0.6085289;746.1;0.222825;False;12/21/2025 10:50:21 PM:593;1766332221593;;
906;533;0.472032;0.4943108;0.4729785;0.3327904;749.0;0.2143073;False;12/21/2025 10:50:21 PM:630;1766332221630;;
906;552;0.4722289;0.5113905;0.4787746;0.6484601;742.8;0.2052878;False;12/21/2025 10:50:21 PM:666;1766332221666;;
906;564;0.4723522;0.5226381;0.4779703;0.6440867;737.3;0.2059703;False;12/21/2025 10:50:21 PM:698;1766332221698;;
896;579;0.4667372;0.5365608;0.4168004;0.6664816;733.5;0.2033954;False;12/21/2025 10:50:21 PM:733;1766332221733;;
888;590;0.4625643;0.5469598;0.4168253;0.6664839;730.0;0.2034243;False;12/21/2025 10:50:21 PM:766;1766332221766;;
890;597;0.4638692;0.5534014;0.482814;0.655761;726.1;0.2076303;False;12/21/2025 10:50:21 PM:803;1766332221803;;
892;605;0.4646589;0.5602826;0.4807508;0.6681028;722.6;0.2079819;False;12/21/2025 10:50:21 PM:838;1766332221838;;
892;609;0.4646956;0.5644684;0.4675805;0.6592725;721.3;0.2121601;False;12/21/2025 10:50:21 PM:875;1766332221875;;
892;613;0.4647236;0.567656;0.4675341;0.6592689;720.1;0.2120783;False;12/21/2025 10:50:21 PM:910;1766332221910;;
893;618;0.4655723;0.5726736;0.4846031;0.676366;717.6;0.2167178;False;12/21/2025 10:50:21 PM:944;1766332221944;;
894;624;0.4660311;0.5778261;0.4816764;0.6847834;715.4;0.2174495;False;12/21/2025 10:50:21 PM:977;1766332221977;;
895;634;0.4661924;0.5873963;0.4770969;0.7151128;716.5;0.2204039;False;12/21/2025 10:50:22 PM:10;1766332222010;;
895;642;0.4663217;0.5947483;0.4770686;0.7151023;717.4;0.2207592;False;12/21/2025 10:50:22 PM:42;1766332222042;;
896;642;0.4666879;0.5952116;0.4827778;0.6752601;716.9;0.2032751;False;12/21/2025 10:50:22 PM:76;1766332222076;;
896;643;0.4669843;0.5955939;0.4827847;0.6752618;716.5;0.2032041;False;12/21/2025 10:50:22 PM:111;1766332222111;;
897;643;0.4675959;0.5958887;0.4891495;0.668835;715.4;0.2143589;False;12/21/2025 10:50:22 PM:144;1766332222144;;
898;643;0.468063;0.5962286;0.488718;0.6750519;714.5;0.2147247;False;12/21/2025 10:50:22 PM:177;1766332222177;;
898;645;0.4678535;0.5979253;0.4624526;0.6299316;723.3;0.2215499;False;12/21/2025 10:50:22 PM:213;1766332222213;;
897;647;0.4676991;0.599176;0.4624945;0.6299561;731.2;0.2211871;False;12/21/2025 10:50:22 PM:245;1766332222245;;
895;643;0.4666007;0.5956239;0.4469182;0.5631871;739.9;0.2239758;False;12/21/2025 10:50:22 PM:279;1766332222279;;
894;642;0.4657878;0.5948166;0.4472622;0.5825904;747.7;0.2241039;False;12/21/2025 10:50:22 PM:309;1766332222309;;
892;647;0.4648821;0.5998228;0.4466512;0.6772678;746.4;0.2289593;False;12/21/2025 10:50:22 PM:352;1766332222352;;
891;647;0.4644043;0.5998567;0.4483186;0.6416091;749.3;0.2398367;False;12/21/2025 10:50:22 PM:387;1766332222387;;
890;649;0.4640373;0.6009709;0.4482737;0.6584373;751.9;0.2428486;False;12/21/2025 10:50:22 PM:420;1766332222420;;
889;649;0.4634721;0.6014504;0.4437623;0.615256;756.1;0.2072233;False;12/21/2025 10:50:22 PM:454;1766332222454;;
888;649;0.4630026;0.6018463;0.4437583;0.6152547;759.8;0.2072527;False;12/21/2025 10:50:22 PM:488;1766332222488;;
888;650;0.4626604;0.6020287;0.444173;0.6077102;759.9;0.2312322;False;12/21/2025 10:50:22 PM:520;1766332222520;;
888;650;0.4626084;0.6021166;0.4549962;0.633124;760.0;0.2321556;False;12/21/2025 10:50:22 PM:550;1766332222550;;
889;646;0.4632184;0.5987304;0.4757241;0.5585586;758.1;0.2420056;False;12/21/2025 10:50:22 PM:584;1766332222584;;
889;646;0.4631918;0.5988078;0.4601422;0.6213731;761.5;0.2383702;False;12/21/2025 10:50:22 PM:617;1766332222617;;
889;646;0.4632356;0.598996;0.4656319;0.6251917;764.6;0.2389084;False;12/21/2025 10:50:22 PM:651;1766332222651;;
889;645;0.4632131;0.5972764;0.4568531;0.5695775;769.8;0.2359943;False;12/21/2025 10:50:22 PM:686;1766332222686;;
889;643;0.4631962;0.5960276;0.4568804;0.5695717;774.4;0.2361431;False;12/21/2025 10:50:22 PM:718;1766332222718;;
889;645;0.463048;0.598033;0.4518965;0.6416027;772.2;0.2206892;False;12/21/2025 10:50:22 PM:753;1766332222753;;
888;647;0.4628766;0.5991029;0.4505264;0.6350955;770.2;0.2204547;False;12/21/2025 10:50:22 PM:788;1766332222788;;
886;645;0.4618605;0.5974457;0.4367002;0.5680625;774.3;0.2238155;False;12/21/2025 10:50:22 PM:822;1766332222822;;
886;645;0.4615758;0.5975353;0.4449311;0.6117457;775.5;0.2178223;False;12/21/2025 10:50:22 PM:859;1766332222859;;
885;645;0.4613606;0.5976029;0.444894;0.6117287;776.5;0.2181717;False;12/21/2025 10:50:22 PM:892;1766332222892;;
885;645;0.4610378;0.5975314;0.4420743;0.5936214;778.7;0.2147335;False;12/21/2025 10:50:22 PM:927;1766332222927;;
884;645;0.4607342;0.5975477;0.4409059;0.5998969;780.6;0.2152013;False;12/21/2025 10:50:22 PM:959;1766332222959;;
884;645;0.460611;0.5977135;0.4437008;0.6138669;779.9;0.2217414;False;12/21/2025 10:50:22 PM:990;1766332222990;;
884;645;0.4605078;0.5978485;0.4436537;0.6138324;779.2;0.2223042;False;12/21/2025 10:50:23 PM:21;1766332223021;;
884;648;0.4604265;0.600749;0.4566524;0.6545725;777.7;0.2127662;False;12/21/2025 10:50:23 PM:54;1766332223054;;
883;651;0.4603517;0.6032252;0.4558039;0.6558537;776.4;0.213215;False;12/21/2025 10:50:23 PM:86;1766332223086;;
884;651;0.4605195;0.60303;0.4655328;0.5965259;776.3;0.2056139;False;12/21/2025 10:50:23 PM:119;1766332223119;;
883;649;0.4603686;0.6015664;0.4468748;0.5739077;776.6;0.2314691;False;12/21/2025 10:50:23 PM:153;1766332223153;;
883;648;0.4602486;0.6004387;0.4468904;0.573918;776.9;0.2312731;False;12/21/2025 10:50:23 PM:186;1766332223186;;
883;639;0.4601995;0.5923052;0.4540339;0.5157744;773.4;0.2197554;False;12/21/2025 10:50:23 PM:220;1766332223220;;
883;632;0.4601589;0.5860859;0.4540077;0.515694;770.3;0.220146;False;12/21/2025 10:50:23 PM:255;1766332223255;;
883;632;0.4600741;0.5860509;0.4484105;0.5817882;773.7;0.2165848;False;12/21/2025 10:50:23 PM:291;1766332223291;;
882;634;0.459884;0.5874979;0.4452032;0.6166081;776.7;0.2174257;False;12/21/2025 10:50:23 PM:326;1766332223326;;
882;631;0.4598641;0.5849261;0.4491629;0.5382211;778.6;0.2315096;False;12/21/2025 10:50:23 PM:361;1766332223361;;
882;617;0.4598113;0.5714124;0.4559116;0.4686654;779.8;0.2181546;False;12/21/2025 10:50:23 PM:395;1766332223395;;
882;616;0.4597183;0.5712861;0.4471938;0.5509558;781.0;0.2185001;False;12/21/2025 10:50:23 PM:426;1766332223426;;
884;593;0.4605602;0.5491821;0.4762047;0.4146261;777.4;0.2234007;False;12/21/2025 10:50:23 PM:459;1766332223459;;
885;581;0.4609665;0.5380023;0.4722866;0.4359026;774.2;0.2234371;False;12/21/2025 10:50:23 PM:492;1766332223492;;
885;538;0.4609542;0.4989019;0.4564826;0.3236206;781.2;0.2015094;False;12/21/2025 10:50:23 PM:524;1766332223524;;
886;509;0.4617414;0.4714851;0.4787466;0.3270098;787.4;0.2015715;False;12/21/2025 10:50:23 PM:559;1766332223559;;
887;521;0.4620056;0.4830087;0.4730619;0.5704635;794.3;0.1982809;False;12/21/2025 10:50:23 PM:591;1766332223591;;
887;533;0.4621936;0.4938818;0.4723943;0.5826215;800.6;0.1982752;False;12/21/2025 10:50:23 PM:623;1766332223623;;
928;569;0.4836318;0.5274736;0.5190716;0.5850053;806.1;0.2069475;False;12/21/2025 10:50:25 PM:205;1766332225205;;
925;570;0.4821567;0.5281085;0.4665691;0.5570198;811.0;0.2067287;False;12/21/2025 10:50:25 PM:236;1766332225236;;
918;582;0.4784993;0.539422;0.4499788;0.6518183;817.6;0.1986244;False;12/21/2025 10:50:25 PM:274;1766332225274;;
913;591;0.4760193;0.5472425;0.449983;0.6518193;823.4;0.1986413;False;12/21/2025 10:50:25 PM:306;1766332225306;;
915;591;0.476833;0.5480581;0.5019217;0.6092872;831.0;0.204775;False;12/21/2025 10:50:25 PM:343;1766332225343;;
912;602;0.4755171;0.5580537;0.4581186;0.6693311;831.7;0.2054833;False;12/21/2025 10:50:25 PM:381;1766332225381;;
911;611;0.4747711;0.5657919;0.4604661;0.672814;832.3;0.2054797;False;12/21/2025 10:50:25 PM:417;1766332225417;;
895;613;0.466524;0.5678902;0.4459162;0.6210335;821.8;0.1882063;False;12/21/2025 10:50:27 PM:851;1766332227851;;
895;614;0.4664831;0.5687689;0.465605;0.6051438;812.3;0.1883999;False;12/21/2025 10:50:27 PM:894;1766332227894;;
911;317;0.474598;0.2936657;0.491173;0.1955456;806.4;0.2204361;False;12/21/2025 10:50:32 PM:716;1766332232716;;
911;314;0.4745015;0.2909952;0.4725701;0.2551709;801.2;0.217072;False;12/21/2025 10:50:32 PM:766;1766332232766;;
892;397;0.4651033;0.36765;0.4382993;0.4486253;800.2;0.1980387;False;12/21/2025 10:50:33 PM:14;1766332233014;;
897;362;0.4676991;0.3357346;0.4970756;0.186266;799.3;0.201331;False;12/21/2025 10:50:33 PM:50;1766332233050;;
897;384;0.4673618;0.3563117;0.453452;0.4705589;791.9;0.1901132;False;12/21/2025 10:50:33 PM:86;1766332233086;;
897;401;0.4673106;0.3720005;0.4593338;0.4766579;785.3;0.1903713;False;12/21/2025 10:50:33 PM:121;1766332233121;;
897;436;0.4672934;0.4044443;0.4637448;0.5516574;783.5;0.1878317;False;12/21/2025 10:50:33 PM:157;1766332233157;;
897;477;0.4672779;0.4423299;0.4651703;0.5981043;776.9;0.1974626;False;12/21/2025 10:50:33 PM:194;1766332233194;;
897;502;0.4672854;0.4652352;0.4679396;0.5939413;771.0;0.1972003;False;12/21/2025 10:50:33 PM:228;1766332233228;;
897;467;0.4675084;0.4327212;0.4754098;0.2943216;767.0;0.1930749;False;12/21/2025 10:50:33 PM:266;1766332233266;;
897;445;0.4676693;0.4123302;0.4754035;0.2944176;763.4;0.1930612;False;12/21/2025 10:50:33 PM:302;1766332233302;;
897;434;0.4676693;0.4022631;0.4676943;0.3166266;772.1;0.2098459;False;12/21/2025 10:50:33 PM:337;1766332233337;;
897;424;0.4676693;0.3934418;0.4676816;0.3168269;779.9;0.2097717;False;12/21/2025 10:50:33 PM:383;1766332233383;;
906;480;0.4719177;0.4449225;0.5060411;0.5823848;784.9;0.2020411;False;12/21/2025 10:50:33 PM:441;1766332233441;;
906;382;0.4723232;0.3545896;0.4746834;0.2774939;787.7;0.1865274;False;12/21/2025 10:50:54 PM:611;1766332254611;;
905;418;0.4718738;0.3877782;0.4650273;0.441962;782.0;0.1936057;False;12/21/2025 10:50:54 PM:807;1766332254807;;
859;388;0.4478454;0.3596897;0.3981627;0.2783917;772.3;0.2565807;False;12/21/2025 10:50:55 PM:11;1766332255011;;
790;408;0.4119051;0.3786925;0.2780444;0.4896138;763.6;0.2551646;False;12/21/2025 10:50:55 PM:38;1766332255038;;
791;204;0.4124078;0.1895639;0.4188159;0.02833828;751.8;0.2494629;False;12/21/2025 10:50:55 PM:232;1766332255232;;
830;133;0.4324435;0.1237134;0.4679466;0.03819941;745.9;0.2227167;False;12/21/2025 10:50:56 PM:142;1766332256142;;
837;130;0.4362548;0.1211952;0.4969158;0.02926303;740.6;0.2200529;False;12/21/2025 10:50:56 PM:168;1766332256168;;
843;129;0.4393838;0.1194884;0.4962846;0.03385982;735.8;0.2201192;False;12/21/2025 10:50:56 PM:194;1766332256194;;
872;176;0.4545151;0.1634279;0.5107205;0.2301917;727.9;0.2372279;False;12/21/2025 10:50:56 PM:382;1766332256382;;
877;176;0.4567743;0.1634011;0.5140946;0.1614491;720.8;0.2367731;False;12/21/2025 10:50:56 PM:409;1766332256409;;
880;176;0.4586625;0.1633782;0.5140965;0.1614414;714.4;0.2367753;False;12/21/2025 10:50:56 PM:436;1766332256436;;
912;177;0.4753699;0.1645089;0.5432779;0.178274;712.8;0.2597953;False;12/21/2025 10:50:56 PM:566;1766332256566;;
919;164;0.4790809;0.1518711;0.5490817;0.04302644;711.4;0.2594951;False;12/21/2025 10:50:56 PM:592;1766332256592;;
884;127;0.4606937;0.1181864;0.4276156;0.0302075;707.3;0.2356208;False;12/21/2025 10:50:56 PM:742;1766332256742;;
891;127;0.4645831;0.1181871;0.5165077;0.1182096;703.6;0.2359462;False;12/21/2025 10:50:56 PM:771;1766332256771;;
898;131;0.4679608;0.1213766;0.5171701;0.162911;699.9;0.2487571;False;12/21/2025 10:50:56 PM:802;1766332256802;;
903;133;0.4705431;0.1232219;0.5153108;0.1545448;696.6;0.2488151;False;12/21/2025 10:50:56 PM:837;1766332256837;;
926;130;0.4828039;0.1211551;0.530532;0.09456819;695.9;0.2321667;False;12/21/2025 10:50:57 PM:46;1766332257046;;
927;124;0.4828788;0.1150277;0.513367;0.03826247;695.3;0.2324933;False;12/21/2025 10:50:57 PM:80;1766332257080;;
927;333;0.4831286;0.3085321;0.4851106;0.5025044;698.9;0.2053832;False;12/21/2025 10:50:57 PM:169;1766332257169;;
927;389;0.4832488;0.3605648;0.5000817;0.530242;702.2;0.2043257;False;12/21/2025 10:50:57 PM:198;1766332257198;;
928;428;0.4833568;0.3972199;0.500074;0.5302622;705.2;0.2043059;False;12/21/2025 10:50:57 PM:230;1766332257230;;
728;428;0.3796785;0.3967506;0.2115919;0.3297848;706.9;0.1821058;False;12/21/2025 10:50:57 PM:264;1766332257264;;
732;289;0.3814321;0.2677329;0.4470876;0.09422285;705.8;0.2351734;False;12/21/2025 10:50:57 PM:407;1766332257407;;
736;286;0.3836664;0.2656925;0.4633304;0.1914731;704.9;0.2352498;False;12/21/2025 10:50:57 PM:439;1766332257439;;
765;235;0.3989482;0.2183108;0.4823979;0.09605428;698.9;0.2534706;False;12/21/2025 10:50:57 PM:593;1766332257593;;
739;284;0.3850833;0.263827;0.3352004;0.4124966;693.5;0.2517922;False;12/21/2025 10:50:57 PM:626;1766332257626;;
770;283;0.4010879;0.2627366;0.5116073;0.2406143;694.8;0.2453864;False;12/21/2025 10:50:57 PM:661;1766332257661;;
795;281;0.4144306;0.2609184;0.514335;0.1877582;695.9;0.2453831;False;12/21/2025 10:50:57 PM:698;1766332257698;;
813;279;0.4235627;0.2589011;0.5112514;0.1832704;693.4;0.2413791;False;12/21/2025 10:50:57 PM:736;1766332257736;;
839;300;0.4374004;0.2783159;0.516308;0.3368564;694.1;0.2249484;False;12/21/2025 10:50:57 PM:824;1766332257824;;
844;319;0.4400918;0.2958993;0.5095193;0.4000495;694.8;0.2236004;False;12/21/2025 10:50:57 PM:855;1766332257855;;
653;360;0.3402927;0.33345;0.1889116;0.4813271;696.6;0.2252513;False;12/21/2025 10:50:57 PM:890;1766332257890;;
601;395;0.3133633;0.3664666;0.2460282;0.5088499;698.3;0.2252683;False;12/21/2025 10:50:57 PM:923;1766332257923;;
738;490;0.384648;0.4537596;0.4979279;0.5598185;696.8;0.2387796;False;12/21/2025 10:50:58 PM:129;1766332258129;;
712;496;0.3711759;0.4600154;0.3241107;0.5348392;695.6;0.2375062;False;12/21/2025 10:50:58 PM:163;1766332258163;;
713;497;0.3715676;0.4607381;0.436465;0.495142;694.7;0.2237787;False;12/21/2025 10:50:58 PM:197;1766332258197;;
713;498;0.3718153;0.4613016;0.435976;0.4949699;693.8;0.2238088;False;12/21/2025 10:50:58 PM:231;1766332258231;;
824;469;0.4296457;0.4344461;0.5330642;0.3640723;694.8;0.2358404;False;12/21/2025 10:50:58 PM:372;1766332258372;;
853;373;0.4447335;0.3455287;0.5511888;0.1032381;695.6;0.2352112;False;12/21/2025 10:50:58 PM:404;1766332258404;;
818;401;0.4264662;0.3713593;0.3610428;0.519394;693.1;0.2234716;False;12/21/2025 10:50:58 PM:438;1766332258438;;
795;420;0.4143549;0.3896144;0.360847;0.5191519;690.9;0.2234835;False;12/21/2025 10:50:58 PM:471;1766332258471;;
690;418;0.3596472;0.3870809;0.2416508;0.3555364;690.2;0.242018;False;12/21/2025 10:50:58 PM:507;1766332258507;;
663;418;0.3454078;0.3870492;0.2910946;0.3858781;689.5;0.2419333;False;12/21/2025 10:50:58 PM:542;1766332258542;;
836;315;0.4358561;0.2919681;0.5059172;0.2129604;689.2;0.2211765;False;12/21/2025 10:51:00 PM:359;1766332260359;;
840;301;0.4376111;0.278917;0.5087109;0.1437867;688.9;0.221304;False;12/21/2025 10:51:00 PM:392;1766332260392;;
855;299;0.4456083;0.277352;0.5243174;0.2283165;690.0;0.231593;False;12/21/2025 10:51:00 PM:469;1766332260469;;
855;287;0.445666;0.2662986;0.5066994;0.1437891;691.0;0.2318173;False;12/21/2025 10:51:00 PM:503;1766332260503;;
857;278;0.4464321;0.2575763;0.5121699;0.1438064;693.2;0.2403336;False;12/21/2025 10:51:00 PM:538;1766332260538;;
858;270;0.4469175;0.2508725;0.5112578;0.1438046;695.2;0.2403221;False;12/21/2025 10:51:00 PM:573;1766332260573;;
865;444;0.4510336;0.4113038;0.4705159;0.551732;695.6;0.2217097;False;12/21/2025 10:51:00 PM:709;1766332260709;;
860;444;0.4483622;0.4112338;0.4283496;0.4102071;695.9;0.2218747;False;12/21/2025 10:51:00 PM:742;1766332260742;;
893;443;0.4655966;0.4103988;0.5208164;0.3674418;695.5;0.2390998;False;12/21/2025 10:51:01 PM:15;1766332261015;;
895;429;0.4665263;0.3980038;0.5146688;0.2794879;695.1;0.2391838;False;12/21/2025 10:51:01 PM:50;1766332261050;;
893;465;0.4655127;0.4312901;0.4566981;0.5574332;694.1;0.2226887;False;12/21/2025 10:51:01 PM:86;1766332261086;;
893;486;0.4653996;0.450171;0.46389;0.5469387;693.1;0.2227299;False;12/21/2025 10:51:01 PM:122;1766332261122;;
791;484;0.4123939;0.4481781;0.288978;0.3896884;692.7;0.2254256;False;12/21/2025 10:51:01 PM:156;1766332261156;;
751;506;0.391237;0.468701;0.3210198;0.5717501;700.4;0.2336928;False;12/21/2025 10:51:01 PM:191;1766332261191;;
733;517;0.382177;0.4791025;0.3366646;0.5561886;707.3;0.2337388;False;12/21/2025 10:51:01 PM:226;1766332261226;;
796;517;0.4150104;0.4790319;0.47548;0.4781723;703.1;0.2376816;False;12/21/2025 10:51:01 PM:669;1766332261669;;
808;517;0.4213148;0.4790327;0.4996594;0.4791633;699.4;0.2362472;False;12/21/2025 10:51:01 PM:700;1766332261700;;
816;517;0.4250852;0.4794971;0.4519432;0.4864281;697.4;0.2258899;False;12/21/2025 10:51:02 PM:340;1766332262340;;
808;519;0.4210457;0.4810987;0.3905851;0.5196941;695.7;0.2244124;False;12/21/2025 10:51:02 PM:372;1766332262372;;
557;518;0.2905478;0.4802023;0.2347459;0.4727902;696.8;0.2218082;False;12/21/2025 10:51:04 PM:270;1766332264270;;
640;527;0.33334;0.4885828;0.437671;0.563979;697.9;0.2220834;False;12/21/2025 10:51:04 PM:306;1766332264306;;
662;420;0.3448928;0.3894837;0.3634171;0.2826522;700.5;0.2202148;False;12/21/2025 10:51:04 PM:610;1766332264610;;
674;422;0.3515474;0.391618;0.4016247;0.4198705;702.9;0.2203385;False;12/21/2025 10:51:04 PM:641;1766332264641;;
691;417;0.3602559;0.3866068;0.4163094;0.3121956;702.7;0.222111;False;12/21/2025 10:51:04 PM:679;1766332264679;;
703;405;0.3663932;0.3758644;0.4175487;0.2695686;702.5;0.2222251;False;12/21/2025 10:51:04 PM:712;1766332264712;;
553;393;0.2884415;0.3641537;0.1368628;0.2544467;697.6;0.2133845;False;12/21/2025 10:51:04 PM:747;1766332264747;;
468;383;0.2437715;0.3553976;0.1367876;0.2544135;693.2;0.2133547;False;12/21/2025 10:51:04 PM:783;1766332264783;;
371;405;0.1936502;0.3753883;0.08561949;0.4736125;691.3;0.2422548;False;12/21/2025 10:51:04 PM:819;1766332264819;;
511;408;0.2662449;0.3785332;0.4341617;0.4117359;685.0;0.2381105;False;12/21/2025 10:51:04 PM:859;1766332264859;;
589;411;0.3068558;0.3807037;0.4341697;0.4117437;679.3;0.2381176;False;12/21/2025 10:51:04 PM:895;1766332264895;;
705;403;0.3673603;0.3737511;0.506942;0.2962858;670.4;0.2451039;False;12/21/2025 10:51:04 PM:932;1766332264932;;
768;397;0.4004611;0.3683864;0.5021554;0.2941198;662.3;0.2450285;False;12/21/2025 10:51:04 PM:967;1766332264967;;
761;436;0.3967612;0.403769;0.3454707;0.5486795;654.4;0.2352054;False;12/21/2025 10:51:05 PM:0;1766332265000;;
756;461;0.3938912;0.4275056;0.3450581;0.5486413;647.2;0.2350079;False;12/21/2025 10:51:05 PM:32;1766332265032;;
736;328;0.3837245;0.3040474;0.3066417;0.02948774;636.6;0.229295;False;12/21/2025 10:51:05 PM:66;1766332265066;;
744;326;0.3875229;0.3024678;0.4176494;0.2804859;629.5;0.2272739;False;12/21/2025 10:51:05 PM:99;1766332265099;;
747;320;0.3891166;0.2968775;0.4082792;0.2425521;623.0;0.2272831;False;12/21/2025 10:51:05 PM:134;1766332265134;;
735;360;0.3830681;0.3335169;0.3270051;0.4954019;613.5;0.2339571;False;12/21/2025 10:51:05 PM:169;1766332265169;;
727;385;0.3788166;0.3571465;0.3268839;0.4952911;605.0;0.2339254;False;12/21/2025 10:51:05 PM:203;1766332265203;;
724;360;0.3773466;0.3335481;0.3408566;0.2122559;591.4;0.2480328;False;12/21/2025 10:51:05 PM:237;1766332265237;;
722;342;0.3761831;0.3170466;0.3407427;0.2121771;579.1;0.2480316;False;12/21/2025 10:51:05 PM:270;1766332265270;;
722;353;0.3760824;0.327665;0.3557221;0.4177932;568.0;0.2502173;False;12/21/2025 10:51:05 PM:306;1766332265306;;
721;364;0.3758971;0.337936;0.3506337;0.4306819;558.0;0.2501842;False;12/21/2025 10:51:05 PM:340;1766332265340;;
721;371;0.3756839;0.3439171;0.3498825;0.4176887;547.9;0.2481355;False;12/21/2025 10:51:05 PM:377;1766332265377;;
719;370;0.3746095;0.3435173;0.3388381;0.3337604;536.8;0.2464446;False;12/21/2025 10:51:05 PM:412;1766332265412;;
717;370;0.3737592;0.3432006;0.3387552;0.3336201;526.8;0.2464351;False;12/21/2025 10:51:05 PM:446;1766332265446;;
717;414;0.3735314;0.3834373;0.3530656;0.5487121;516.5;0.2618485;False;12/21/2025 10:51:05 PM:483;1766332265483;;
716;441;0.373363;0.4091864;0.3529598;0.5487052;507.3;0.2617851;False;12/21/2025 10:51:05 PM:516;1766332265516;;
716;455;0.373269;0.4217885;0.3518157;0.5248076;498.3;0.247954;False;12/21/2025 10:51:05 PM:549;1766332265549;;
714;488;0.3723843;0.4526185;0.3379228;0.6073339;487.6;0.2548755;False;12/21/2025 10:51:05 PM:582;1766332265582;;
713;511;0.3716726;0.4739982;0.337775;0.6073107;478.0;0.2548222;False;12/21/2025 10:51:05 PM:614;1766332265614;;
653;517;0.3405176;0.4790826;0.2230905;0.5497714;469.8;0.2469435;False;12/21/2025 10:51:05 PM:649;1766332265649;;
613;521;0.3196363;0.4829984;0.2230735;0.5497727;462.4;0.2469399;False;12/21/2025 10:51:05 PM:683;1766332265683;;
562;521;0.2927616;0.4824658;0.1892618;0.4713639;455.4;0.2492589;False;12/21/2025 10:51:05 PM:719;1766332265719;;
530;515;0.2762454;0.4776911;0.1896531;0.423916;449.1;0.2492057;False;12/21/2025 10:51:05 PM:750;1766332265750;;
490;515;0.2552588;0.4777398;0.1629698;0.4922195;444.2;0.2532547;False;12/21/2025 10:51:05 PM:784;1766332265784;;
462;516;0.2409998;0.4777797;0.162929;0.4922372;439.8;0.2532523;False;12/21/2025 10:51:05 PM:818;1766332265818;;
458;446;0.2387954;0.4138069;0.2056293;0.2237598;436.5;0.242661;False;12/21/2025 10:51:05 PM:854;1766332265854;;
451;397;0.2352154;0.3680347;0.1918592;0.2078184;434.0;0.2536447;False;12/21/2025 10:51:05 PM:889;1766332265889;;
446;365;0.2325526;0.3385176;0.1918248;0.2078279;431.7;0.2536303;False;12/21/2025 10:51:05 PM:922;1766332265922;;
428;376;0.2230173;0.3483053;0.1535518;0.4473116;428.9;0.2506831;False;12/21/2025 10:51:05 PM:957;1766332265957;;
415;383;0.2162835;0.3553898;0.1534512;0.4473241;426.3;0.2506712;False;12/21/2025 10:51:05 PM:989;1766332265989;;
385;430;0.2005942;0.3983993;0.1148417;0.5805111;424.5;0.2499078;False;12/21/2025 10:51:06 PM:25;1766332266025;;
365;458;0.1902303;0.4248746;0.1142129;0.5786141;422.9;0.2499432;False;12/21/2025 10:51:06 PM:57;1766332266057;;
365;466;0.1901708;0.4321327;0.1887039;0.5180445;420.8;0.254626;False;12/21/2025 10:51:06 PM:94;1766332266094;;
364;466;0.1900342;0.4322614;0.1823769;0.4668639;419.2;0.2471585;False;12/21/2025 10:51:06 PM:127;1766332266127;;
364;466;0.19001;0.4322925;0.1763061;0.4650629;417.8;0.2470647;False;12/21/2025 10:51:06 PM:162;1766332266162;;
363;485;0.18916;0.4495611;0.1617887;0.5750063;416.1;0.2532234;False;12/21/2025 10:51:06 PM:199;1766332266199;;
361;498;0.188508;0.4614971;0.1615594;0.5750555;414.5;0.2532396;False;12/21/2025 10:51:06 PM:231;1766332266231;;
361;498;0.1883563;0.4613838;0.1776537;0.4591221;413.3;0.2520738;False;12/21/2025 10:51:06 PM:266;1766332266266;;
361;498;0.1882324;0.4612939;0.177693;0.4591111;412.2;0.2520708;False;12/21/2025 10:51:06 PM:300;1766332266300;;
334;470;0.1742985;0.4354278;0.09863187;0.3222007;410.5;0.2404699;False;12/21/2025 10:51:06 PM:342;1766332266342;;
303;471;0.1582162;0.4365886;0.07550534;0.4755825;410.0;0.2449703;False;12/21/2025 10:51:06 PM:380;1766332266380;;
289;494;0.1505322;0.4576922;0.0887439;0.5843827;408.8;0.2448596;False;12/21/2025 10:51:06 PM:417;1766332266417;;
278;502;0.1452794;0.4656184;0.08666411;0.5583907;407.8;0.2447822;False;12/21/2025 10:51:06 PM:449;1766332266449;;
267;502;0.1391726;0.4649303;0.08040256;0.4526719;407.7;0.2368907;False;12/21/2025 10:51:06 PM:488;1766332266488;;
260;500;0.1357645;0.463709;0.08333381;0.4403251;407.7;0.2369304;False;12/21/2025 10:51:06 PM:520;1766332266520;;
259;457;0.1351306;0.4239748;0.1019945;0.2733024;408.3;0.249186;False;12/21/2025 10:51:06 PM:557;1766332266557;;
258;432;0.1346871;0.4002517;0.1020007;0.2732884;408.8;0.2492038;False;12/21/2025 10:51:06 PM:589;1766332266589;;
256;425;0.1334123;0.3937589;0.09285688;0.3287438;409.0;0.2427238;False;12/21/2025 10:51:06 PM:623;1766332266623;;
255;350;0.1330183;0.3247762;0.116171;0.1157583;410.4;0.2526892;False;12/21/2025 10:51:06 PM:655;1766332266655;;
254;321;0.1327007;0.2974174;0.1020186;0.16755;411.6;0.2526935;False;12/21/2025 10:51:06 PM:689;1766332266689;;
249;378;0.1297753;0.3505562;0.08040667;0.5377181;410.6;0.2506305;False;12/21/2025 10:51:06 PM:726;1766332266726;;
246;430;0.1284144;0.3990658;0.08564963;0.586359;409.6;0.2506301;False;12/21/2025 10:51:06 PM:758;1766332266758;;
245;411;0.1279033;0.3807112;0.09186264;0.2638624;410.2;0.2456455;False;12/21/2025 10:51:06 PM:791;1766332266791;;
244;395;0.1274371;0.3661357;0.09178682;0.2638538;410.8;0.2456178;False;12/21/2025 10:51:06 PM:827;1766332266827;;
242;395;0.1262045;0.3664663;0.08280168;0.3781159;410.8;0.246243;False;12/21/2025 10:51:06 PM:861;1766332266861;;
240;397;0.1253644;0.3681454;0.08462445;0.4005053;411.5;0.2404584;False;12/21/2025 10:51:06 PM:896;1766332266896;;
239;398;0.124705;0.3694307;0.08462624;0.4005066;412.1;0.240459;False;12/21/2025 10:51:06 PM:930;1766332266930;;
238;366;0.1241403;0.3396879;0.1126693;0.2020462;412.9;0.24483;False;12/21/2025 10:51:06 PM:966;1766332266966;;
237;346;0.1237461;0.3211013;0.1126646;0.2020384;413.6;0.2448136;False;12/21/2025 10:51:06 PM:998;1766332266998;;
237;274;0.1239355;0.2543207;0.1269012;0.05138212;414.5;0.2408631;False;12/21/2025 10:51:07 PM:34;1766332267034;;
238;229;0.1240783;0.2123544;0.1269003;0.05138244;415.3;0.2408632;False;12/21/2025 10:51:07 PM:68;1766332267068;;
236;242;0.1234157;0.2247214;0.09599461;0.3298921;416.4;0.2396194;False;12/21/2025 10:51:07 PM:101;1766332267101;;
236;243;0.1231618;0.2253471;0.1003544;0.2616409;416.9;0.2370531;False;12/21/2025 10:51:07 PM:136;1766332267136;;
236;243;0.1230611;0.2254323;0.1022791;0.2467187;417.3;0.237019;False;12/21/2025 10:51:07 PM:168;1766332267168;;
233;348;0.1216899;0.3231274;0.08637958;0.5714197;417.5;0.2469387;False;12/21/2025 10:51:07 PM:204;1766332267204;;
231;411;0.1206514;0.3813684;0.08636981;0.5714226;417.7;0.2469275;False;12/21/2025 10:51:07 PM:236;1766332267236;;
230;452;0.1198349;0.4190914;0.08691952;0.5662909;417.6;0.2426356;False;12/21/2025 10:51:07 PM:270;1766332267270;;
228;482;0.1191001;0.4471409;0.08691882;0.5662915;417.5;0.2426333;False;12/21/2025 10:51:07 PM:309;1766332267309;;
228;475;0.1188093;0.4401088;0.0899416;0.355749;416.2;0.2443772;False;12/21/2025 10:51:07 PM:343;1766332267343;;
225;475;0.1173262;0.4399299;0.07741342;0.4193106;416.3;0.2476834;False;12/21/2025 10:51:07 PM:380;1766332267380;;
223;474;0.1161633;0.4397858;0.07741122;0.4193112;416.5;0.2476828;False;12/21/2025 10:51:07 PM:417;1766332267417;;
220;502;0.1149267;0.465481;0.07426434;0.5875611;417.7;0.2405648;False;12/21/2025 10:51:07 PM:452;1766332267452;;
217;517;0.1131202;0.4790623;0.06711113;0.5709064;418.7;0.2405702;False;12/21/2025 10:51:07 PM:485;1766332267485;;
212;506;0.1108931;0.4692084;0.06288368;0.3822991;417.6;0.2418633;False;12/21/2025 10:51:07 PM:523;1766332267523;;
212;505;0.1108529;0.4684926;0.07911954;0.4342676;418.4;0.2338359;False;12/21/2025 10:51:07 PM:559;1766332267559;;
212;495;0.1104853;0.4584732;0.08599771;0.3596618;419.0;0.2337379;False;12/21/2025 10:51:07 PM:591;1766332267591;;
211;486;0.1103641;0.45062;0.07818983;0.3582381;421.2;0.2349757;False;12/21/2025 10:51:07 PM:623;1766332267623;;
211;479;0.1102558;0.4442262;0.07816887;0.3582447;423.2;0.2349537;False;12/21/2025 10:51:07 PM:657;1766332267657;;
213;380;0.111321;0.3522583;0.1228105;0.1025286;421.1;0.2389237;False;12/21/2025 10:51:07 PM:692;1766332267692;;
214;319;0.1119697;0.2961718;0.1209662;0.1069966;419.2;0.2388569;False;12/21/2025 10:51:07 PM:725;1766332267725;;
215;294;0.112038;0.272958;0.113586;0.1520642;420.7;0.2375174;False;12/21/2025 10:51:07 PM:760;1766332267760;;
214;298;0.111784;0.2762698;0.09120684;0.3313958;421.8;0.2320901;False;12/21/2025 10:51:07 PM:794;1766332267794;;
214;297;0.1117392;0.2755886;0.09706534;0.2581849;422.8;0.2320743;False;12/21/2025 10:51:07 PM:828;1766332267828;;
213;307;0.1112743;0.2842781;0.08703502;0.370286;423.3;0.2320672;False;12/21/2025 10:51:07 PM:862;1766332267862;;
212;314;0.1108922;0.2909545;0.08703392;0.3702822;423.7;0.2320608;False;12/21/2025 10:51:07 PM:896;1766332267896;;
212;251;0.1107516;0.2326075;0.1061928;0.05808366;422.0;0.2372849;False;12/21/2025 10:51:07 PM:935;1766332267935;;
212;213;0.1108515;0.1972448;0.1134668;0.05556655;420.5;0.2372649;False;12/21/2025 10:51:07 PM:969;1766332267969;;
205;302;0.1072582;0.2800057;0.06243677;0.513476;420.9;0.2401248;False;12/21/2025 10:51:08 PM:4;1766332268004;;
201;314;0.1048629;0.2913128;0.06484709;0.381532;421.2;0.2401068;False;12/21/2025 10:51:08 PM:39;1766332268039;;
204;265;0.1066735;0.2457671;0.1273784;0.07710519;422.3;0.2347884;False;12/21/2025 10:51:08 PM:74;1766332268074;;
201;298;0.1046918;0.2763172;0.06807003;0.4304001;422.1;0.239393;False;12/21/2025 10:51:08 PM:107;1766332268107;;
197;312;0.1030019;0.2891656;0.06680392;0.3949393;421.9;0.239384;False;12/21/2025 10:51:08 PM:139;1766332268139;;
197;255;0.1030005;0.2365867;0.1029624;0.05863801;421.1;0.2329875;False;12/21/2025 10:51:08 PM:173;1766332268173;;
197;216;0.1029989;0.2007953;0.1029475;0.05864143;420.4;0.2329816;False;12/21/2025 10:51:08 PM:207;1766332268207;;
197;224;0.1029318;0.208251;0.09745457;0.297524;420.0;0.2374077;False;12/21/2025 10:51:08 PM:240;1766332268240;;
197;232;0.1028804;0.2150277;0.09573221;0.3010428;419.7;0.2374061;False;12/21/2025 10:51:08 PM:276;1766332268276;;
197;201;0.1030742;0.1862975;0.1089498;0.05763879;419.3;0.2297014;False;12/21/2025 10:51:08 PM:309;1766332268309;;
198;198;0.1032169;0.183525;0.10839;0.1496368;418.4;0.2386778;False;12/21/2025 10:51:08 PM:344;1766332268344;;
198;191;0.1032967;0.1772425;0.1073606;0.116624;417.6;0.238654;False;12/21/2025 10:51:08 PM:378;1766332268378;;
199;188;0.1040664;0.1741807;0.1207607;0.1311049;416.9;0.2309962;False;12/21/2025 10:51:08 PM:413;1766332268413;;
200;187;0.1044668;0.173276;0.1178213;0.1480212;416.2;0.2309663;False;12/21/2025 10:51:08 PM:446;1766332268446;;
200;199;0.1044668;0.1842769;0.1044526;0.2735426;417.0;0.2434938;False;12/21/2025 10:51:08 PM:481;1766332268481;;
200;215;0.1043714;0.1999982;0.09844823;0.3087943;417.7;0.2434801;False;12/21/2025 10:51:08 PM:516;1766332268516;;
200;189;0.1044195;0.1754797;0.108872;0.05702974;417.9;0.2369759;False;12/21/2025 10:51:08 PM:555;1766332268555;;
200;189;0.1044754;0.1758524;0.1099292;0.1966531;418.4;0.2309722;False;12/21/2025 10:51:08 PM:589;1766332268589;;
200;190;0.1044526;0.1761314;0.1020608;0.1956146;418.9;0.2309062;False;12/21/2025 10:51:08 PM:627;1766332268627;;
197;226;0.1027571;0.2094032;0.07610007;0.3635784;418.3;0.2415928;False;12/21/2025 10:51:08 PM:662;1766332268662;;
197;226;0.1027505;0.2100293;0.09929688;0.2374176;417.8;0.2415413;False;12/21/2025 10:51:08 PM:696;1766332268696;;
199;217;0.1037189;0.2016715;0.1232116;0.1276481;416.5;0.2409696;False;12/21/2025 10:51:08 PM:730;1766332268730;;
200;211;0.1044705;0.1954914;0.1232116;0.127648;415.4;0.2409696;False;12/21/2025 10:51:08 PM:764;1766332268764;;
201;207;0.1048688;0.1919661;0.1196687;0.1382371;416.2;0.2383353;False;12/21/2025 10:51:08 PM:798;1766332268798;;
447;345;0.2332126;0.3201774;0.4222085;0.5823819;417.3;0.2310643;False;12/21/2025 10:51:08 PM:833;1766332268833;;
572;423;0.2984074;0.3923189;0.4221269;0.5823818;418.2;0.2310354;False;12/21/2025 10:51:08 PM:866;1766332268866;;
786;477;0.4097814;0.441819;0.5597097;0.5900093;419.3;0.237828;False;12/21/2025 10:51:08 PM:900;1766332268900;;
891;510;0.4644962;0.4722754;0.5596427;0.590018;420.2;0.2378033;False;12/21/2025 10:51:08 PM:931;1766332268931;;
1020;505;0.5316959;0.4683511;0.6301546;0.3663877;421.1;0.2470883;False;12/21/2025 10:51:08 PM:967;1766332268967;;
1088;502;0.5670117;0.4652286;0.6301811;0.3663681;422.0;0.2470937;False;12/21/2025 10:51:09 PM:3;1766332269003;;
1151;525;0.5999441;0.4868749;0.6640348;0.5806646;423.5;0.2440638;False;12/21/2025 10:51:09 PM:36;1766332269036;;
1187;545;0.6186191;0.5049897;0.6632832;0.5937804;424.4;0.2386695;False;12/21/2025 10:51:09 PM:69;1766332269069;;
1211;560;0.6311478;0.5191551;0.6633414;0.5937738;425.2;0.2386931;False;12/21/2025 10:51:09 PM:109;1766332269109;;
1222;560;0.6368319;0.5187194;0.6565426;0.491216;425.8;0.2401633;False;12/21/2025 10:51:09 PM:146;1766332269146;;
1232;559;0.6421563;0.5184953;0.6643659;0.5127097;426.3;0.2401274;False;12/21/2025 10:51:09 PM:181;1766332269181;;
1239;565;0.6457117;0.5237583;0.663034;0.5714188;425.4;0.232798;False;12/21/2025 10:51:09 PM:219;1766332269219;;
1242;568;0.6469132;0.5262803;0.6550027;0.559944;425.2;0.2349125;False;12/21/2025 10:51:09 PM:257;1766332269257;;
1247;566;0.6495225;0.5246772;0.6684187;0.482783;425.0;0.2348875;False;12/21/2025 10:51:09 PM:291;1766332269291;;
1255;573;0.6540071;0.5312063;0.6829582;0.5919247;425.4;0.2437373;False;12/21/2025 10:51:09 PM:329;1766332269329;;
1265;549;0.6591921;0.5084401;0.6937816;0.3832994;425.1;0.242722;False;12/21/2025 10:51:09 PM:367;1766332269367;;
1271;541;0.6619828;0.5009456;0.6888883;0.4207091;424.8;0.2426935;False;12/21/2025 10:51:09 PM:401;1766332269401;;
1276;540;0.6648461;0.5009183;0.6939456;0.485278;425.3;0.2485429;False;12/21/2025 10:51:09 PM:436;1766332269436;;
1280;540;0.6670223;0.5008944;0.6939051;0.485322;425.7;0.2485287;False;12/21/2025 10:51:09 PM:472;1766332269472;;
1280;555;0.6670317;0.5139806;0.6680939;0.6031735;424.6;0.2498097;False;12/21/2025 10:51:09 PM:507;1766332269507;;
1278;553;0.6658882;0.5126365;0.6429786;0.4768332;424.6;0.236546;False;12/21/2025 10:51:09 PM:544;1766332269544;;
1276;552;0.665032;0.5116233;0.6429595;0.4768482;424.6;0.236544;False;12/21/2025 10:51:09 PM:579;1766332269579;;
1276;562;0.6650102;0.5203899;0.6568837;0.5765404;424.6;0.2433013;False;12/21/2025 10:51:09 PM:643;1766332269643;;
1276;578;0.664972;0.5354444;0.655542;0.6401865;425.9;0.2480978;False;12/21/2025 10:51:09 PM:677;1766332269677;;
1277;584;0.6653289;0.5409265;0.6747599;0.6083194;427.1;0.2478909;False;12/21/2025 10:51:09 PM:711;1766332269711;;
1191;584;0.6204545;0.5415136;0.4941158;0.5695696;427.2;0.2422469;False;12/21/2025 10:51:09 PM:745;1766332269745;;
1075;586;0.5602921;0.5432022;0.422688;0.5874906;427.2;0.2395413;False;12/21/2025 10:51:09 PM:779;1766332269779;;
1006;587;0.5244262;0.5439779;0.4202946;0.580121;427.2;0.2395125;False;12/21/2025 10:51:09 PM:810;1766332269810;;
980;588;0.5107564;0.5453598;0.4534403;0.5899571;426.8;0.2424562;False;12/21/2025 10:51:09 PM:844;1766332269844;;
963;590;0.501589;0.5464329;0.4533025;0.5899547;426.5;0.2424518;False;12/21/2025 10:51:09 PM:876;1766332269876;;
906;546;0.4723375;0.5060331;0.3806312;0.3524971;426.8;0.2536396;False;12/21/2025 10:51:09 PM:911;1766332269911;;
868;515;0.4522309;0.4772919;0.3803962;0.3525487;427.1;0.2536495;False;12/21/2025 10:51:09 PM:947;1766332269947;;
835;523;0.4353293;0.4847636;0.3719638;0.5661385;426.6;0.2482466;False;12/21/2025 10:51:09 PM:987;1766332269987;;
805;524;0.4193945;0.4855137;0.3544139;0.526701;425.1;0.2488219;False;12/21/2025 10:51:10 PM:26;1766332270026;;
795;519;0.414298;0.4812053;0.375751;0.4357734;423.7;0.2487075;False;12/21/2025 10:51:10 PM:60;1766332270060;;
771;520;0.4017125;0.481618;0.3349959;0.5130744;423.7;0.2330818;False;12/21/2025 10:51:10 PM:92;1766332270092;;
760;520;0.3963541;0.4817113;0.35205;0.4864258;423.7;0.2330788;False;12/21/2025 10:51:10 PM:123;1766332270123;;
674;424;0.3513364;0.3934838;0.2288996;0.1702077;426.9;0.2078017;False;12/21/2025 10:51:10 PM:157;1766332270157;;
620;366;0.3232991;0.3394729;0.2288818;0.1702088;429.8;0.2077976;False;12/21/2025 10:51:10 PM:191;1766332270191;;
551;403;0.2871056;0.3738387;0.1837333;0.5537556;431.0;0.1932168;False;12/21/2025 10:51:10 PM:225;1766332270225;;
529;428;0.2758684;0.3965855;0.2219008;0.5473238;432.3;0.1982567;False;12/21/2025 10:51:10 PM:260;1766332270260;;
515;443;0.2682609;0.4107802;0.220761;0.5418718;433.5;0.1982576;False;12/21/2025 10:51:10 PM:292;1766332270292;;
511;461;0.2661989;0.4271742;0.2436523;0.5638448;434.0;0.2015067;False;12/21/2025 10:51:10 PM:324;1766332270324;;
507;473;0.2640699;0.4388728;0.2384346;0.5629932;434.5;0.2014842;False;12/21/2025 10:51:10 PM:356;1766332270356;;
500;488;0.2607778;0.4522222;0.2266972;0.5813535;434.8;0.1975468;False;12/21/2025 10:51:10 PM:390;1766332270390;;
495;499;0.2582612;0.4623533;0.2266531;0.5813661;435.1;0.1975435;False;12/21/2025 10:51:10 PM:423;1766332270423;;
495;499;0.2578456;0.4627004;0.244724;0.4676969;433.5;0.2098545;False;12/21/2025 10:51:10 PM:461;1766332270461;;
494;498;0.2574548;0.4620307;0.2427458;0.4520754;432.2;0.2098349;False;12/21/2025 10:51:10 PM:493;1766332270493;;
494;452;0.2574869;0.4186377;0.2597957;0.2682596;431.3;0.2124011;False;12/21/2025 10:51:10 PM:529;1766332270529;;
489;452;0.2551326;0.4188679;0.2229411;0.453552;430.3;0.2332802;False;12/21/2025 10:51:10 PM:566;1766332270566;;
487;452;0.2540313;0.4192896;0.2286562;0.4432611;429.4;0.2332765;False;12/21/2025 10:51:10 PM:601;1766332270601;;
484;477;0.2525565;0.4419459;0.2222996;0.5860516;427.1;0.2447959;False;12/21/2025 10:51:10 PM:634;1766332270634;;
484;497;0.2522411;0.460541;0.2333085;0.5943679;425.0;0.24479;False;12/21/2025 10:51:10 PM:668;1766332270668;;
484;532;0.2523725;0.4932004;0.2562281;0.66413;424.1;0.2514903;False;12/21/2025 10:51:10 PM:702;1766332270702;;
485;555;0.2529483;0.5144533;0.2655926;0.6593381;423.3;0.2514752;False;12/21/2025 10:51:10 PM:732;1766332270732;;
476;576;0.2480168;0.5341362;0.1997014;0.667806;421.3;0.2540904;False;12/21/2025 10:51:10 PM:767;1766332270767;;
393;580;0.2047856;0.5372944;0.07607147;0.6080399;421.0;0.2475241;False;12/21/2025 10:51:10 PM:801;1766332270801;;
341;582;0.1776564;0.53972;0.07600861;0.6080499;420.8;0.2475044;False;12/21/2025 10:51:10 PM:832;1766332270832;;
330;585;0.1722599;0.5420674;0.1284739;0.6108459;419.9;0.2482156;False;12/21/2025 10:51:10 PM:864;1766332270864;;
323;587;0.1683455;0.5438856;0.128385;0.6108798;419.0;0.248216;False;12/21/2025 10:51:10 PM:896;1766332270896;;
313;613;0.1634907;0.5684419;0.1186414;0.7233822;416.8;0.2541691;False;12/21/2025 10:51:10 PM:931;1766332270931;;
307;632;0.15993;0.5857177;0.1185157;0.7233835;414.8;0.2541738;False;12/21/2025 10:51:10 PM:962;1766332270962;;
293;632;0.1530541;0.5856043;0.09742358;0.58373;414.6;0.2484415;False;12/21/2025 10:51:10 PM:997;1766332270997;;
283;632;0.1474951;0.5854962;0.092885;0.5831501;414.5;0.2484367;False;12/21/2025 10:51:11 PM:30;1766332271030;;
332;632;0.1732959;0.5858822;0.2647376;0.6247815;413.9;0.2449021;False;12/21/2025 10:51:11 PM:65;1766332271065;;
364;633;0.1899468;0.5861854;0.264753;0.624778;413.4;0.2449051;False;12/21/2025 10:51:11 PM:98;1766332271098;;
383;633;0.1996793;0.5864064;0.2563218;0.6240563;413.1;0.2539452;False;12/21/2025 10:51:11 PM:132;1766332271132;;
396;633;0.206537;0.5865843;0.2563094;0.6240597;412.9;0.2539418;False;12/21/2025 10:51:11 PM:166;1766332271166;;
421;633;0.2197041;0.5866421;0.2900136;0.6196101;412.8;0.2525518;False;12/21/2025 10:51:11 PM:200;1766332271200;;
431;633;0.2248147;0.5867472;0.2692976;0.5894154;412.4;0.2402662;False;12/21/2025 10:51:11 PM:237;1766332271237;;
438;633;0.2284272;0.586825;0.2693707;0.5893986;412.0;0.2402794;False;12/21/2025 10:51:11 PM:270;1766332271270;;
464;622;0.2419958;0.576332;0.3182732;0.4982128;415.5;0.170511;False;12/21/2025 10:51:11 PM:304;1766332271304;;
482;614;0.2515161;0.5687364;0.3182696;0.4982135;418.7;0.1705099;False;12/21/2025 10:51:11 PM:337;1766332271337;;
484;563;0.2525027;0.5216354;0.2789986;0.3456427;421.1;0.1327141;True;12/21/2025 10:51:11 PM:370;1766332271370;;
486;528;0.2533188;0.4889521;0.2790035;0.3456423;423.3;0.1327161;True;12/21/2025 10:51:11 PM:404;1766332271404;;
498;527;0.259431;0.4880137;0.3182019;0.4654577;426.2;0.1884753;False;12/21/2025 10:51:11 PM:436;1766332271436;;
507;526;0.2641896;0.4872448;0.3181778;0.4654619;428.9;0.1884702;False;12/21/2025 10:51:11 PM:469;1766332271469;;
507;518;0.2642944;0.4805409;0.2677278;0.4087162;430.8;0.2056153;False;12/21/2025 10:51:11 PM:500;1766332271500;;
518;519;0.2701066;0.4813262;0.3279387;0.5048963;431.7;0.2129592;False;12/21/2025 10:51:11 PM:534;1766332271534;;
527;520;0.274803;0.4819975;0.3279465;0.5048949;432.4;0.2129607;False;12/21/2025 10:51:11 PM:570;1766332271570;;
550;501;0.2865506;0.4639044;0.3556231;0.3680542;431.7;0.216166;False;12/21/2025 10:51:11 PM:620;1766332271620;;
554;502;0.2889034;0.4650962;0.3308721;0.4900325;431.8;0.2170514;False;12/21/2025 10:51:11 PM:665;1766332271665;;
566;485;0.2949566;0.4496628;0.3548852;0.3524301;431.9;0.2169475;False;12/21/2025 10:51:11 PM:707;1766332271707;;
559;485;0.2912074;0.4498149;0.2629489;0.4575522;431.8;0.2152917;False;12/21/2025 10:51:11 PM:741;1766332271741;;
558;499;0.2908633;0.4629278;0.2848968;0.5588442;429.6;0.2255459;False;12/21/2025 10:51:11 PM:776;1766332271776;;
558;510;0.2908598;0.4725403;0.2907546;0.5606542;427.6;0.2255224;False;12/21/2025 10:51:11 PM:807;1766332271807;;
540;509;0.2814499;0.4721497;0.2246853;0.4578133;428.8;0.2254095;False;12/21/2025 10:51:11 PM:840;1766332271840;;
526;509;0.2741207;0.4718111;0.2245798;0.4578548;429.8;0.2253876;False;12/21/2025 10:51:11 PM:878;1766332271878;;
524;485;0.2732427;0.4493771;0.2560546;0.3284889;429.9;0.2149886;False;12/21/2025 10:51:11 PM:914;1766332271914;;
523;469;0.2725933;0.4347828;0.2557463;0.3286172;430.1;0.2149516;False;12/21/2025 10:51:11 PM:946;1766332271946;;
508;481;0.2650431;0.4456392;0.2081896;0.5318324;429.7;0.2234804;False;12/21/2025 10:51:11 PM:981;1766332271981;;
506;481;0.2635948;0.4462616;0.2354234;0.4683373;429.7;0.2198013;False;12/21/2025 10:51:12 PM:14;1766332272014;;
504;482;0.2629587;0.4466872;0.2413878;0.4668354;429.7;0.219788;False;12/21/2025 10:51:12 PM:46;1766332272046;;
492;484;0.2567211;0.4487793;0.2001344;0.4925542;430.2;0.2177334;False;12/21/2025 10:51:12 PM:79;1766332272079;;
483;486;0.2518553;0.4504936;0.2000481;0.492597;430.7;0.2177143;False;12/21/2025 10:51:12 PM:112;1766332272112;;
486;426;0.2533446;0.3951529;0.2731327;0.2080303;430.9;0.2231798;False;12/21/2025 10:51:12 PM:146;1766332272146;;
488;387;0.2544796;0.3587093;0.2729902;0.2080737;431.1;0.2231512;False;12/21/2025 10:51:12 PM:177;1766332272177;;
488;410;0.2546756;0.3803308;0.2615867;0.5201687;429.7;0.2200207;False;12/21/2025 10:51:12 PM:211;1766332272211;;
488;322;0.2546867;0.2986111;0.2555749;0.09327777;430.7;0.218551;False;12/21/2025 10:51:12 PM:246;1766332272246;;
489;271;0.254695;0.251588;0.2555781;0.09327668;431.6;0.2185511;False;12/21/2025 10:51:12 PM:280;1766332272280;;
489;351;0.254809;0.3251098;0.2597506;0.5282701;430.9;0.2169334;False;12/21/2025 10:51:12 PM:330;1766332272330;;
489;398;0.2547735;0.3692323;0.2503406;0.5501227;430.2;0.2170214;False;12/21/2025 10:51:12 PM:367;1766332272367;;
491;427;0.2557625;0.3955249;0.2760771;0.5439688;430.5;0.2225849;False;12/21/2025 10:51:12 PM:399;1766332272399;;
490;405;0.2554938;0.3753053;0.2451889;0.267361;429.2;0.2148375;False;12/21/2025 10:51:12 PM:435;1766332272435;;
490;390;0.2552861;0.3616791;0.2450868;0.2674054;428.1;0.2148054;False;12/21/2025 10:51:12 PM:467;1766332272467;;
491;411;0.2560769;0.3807033;0.2743887;0.505201;428.3;0.215586;False;12/21/2025 10:51:12 PM:499;1766332272499;;
492;411;0.2565072;0.3807126;0.2711015;0.3951199;428.5;0.2155567;False;12/21/2025 10:51:12 PM:532;1766332272532;;
504;410;0.2627485;0.3797697;0.3158616;0.3579508;429.5;0.2094113;False;12/21/2025 10:51:12 PM:565;1766332272565;;
517;409;0.2696348;0.3792294;0.3269155;0.3619057;430.4;0.2093957;False;12/21/2025 10:51:12 PM:597;1766332272597;;
530;408;0.2764691;0.378268;0.323206;0.3582361;430.5;0.2223702;False;12/21/2025 10:51:12 PM:658;1766332272658;;
543;408;0.2829979;0.3783439;0.3348867;0.3844298;431.0;0.2154074;False;12/21/2025 10:51:12 PM:708;1766332272708;;
584;381;0.3044023;0.3529656;0.4055215;0.2163629;430.4;0.2152568;False;12/21/2025 10:51:12 PM:740;1766332272740;;
613;348;0.3195911;0.3223983;0.4042948;0.1754362;429.8;0.2152817;False;12/21/2025 10:51:12 PM:773;1766332272773;;
614;360;0.3199458;0.334048;0.3415489;0.4266575;429.4;0.2263757;False;12/21/2025 10:51:12 PM:808;1766332272808;;
614;369;0.3202258;0.342589;0.3414914;0.4266662;429.0;0.2263614;False;12/21/2025 10:51:12 PM:840;1766332272840;;
506;285;0.263921;0.2641493;0.1332381;0.04889448;428.2;0.2211868;False;12/21/2025 10:51:12 PM:874;1766332272874;;
432;236;0.2253486;0.2185343;0.118691;0.05345766;427.5;0.2211705;False;12/21/2025 10:51:12 PM:905;1766332272905;;
377;236;0.1965991;0.2189112;0.1081693;0.2301424;428.1;0.2223686;False;12/21/2025 10:51:12 PM:936;1766332272936;;
350;236;0.1826185;0.2192375;0.1275309;0.2297276;430.1;0.1699452;False;12/21/2025 10:51:12 PM:972;1766332272972;;
334;237;0.1739585;0.2194718;0.1274439;0.2297516;432.0;0.1699352;False;12/21/2025 10:51:13 PM:3;1766332273003;;
391;266;0.203898;0.2465205;0.3259359;0.3992578;433.0;0.1251069;True;12/21/2025 10:51:13 PM:35;1766332273035;;
430;287;0.2242894;0.2658735;0.3258651;0.399287;433.9;0.1250926;True;12/21/2025 10:51:13 PM:69;1766332273069;;
432;295;0.2253509;0.2739017;0.2594954;0.3687732;433.3;0.2167567;False;12/21/2025 10:51:13 PM:100;1766332273100;;
432;298;0.2254816;0.2763048;0.2494671;0.3408478;432.8;0.2166831;False;12/21/2025 10:51:13 PM:131;1766332273131;;
427;266;0.2228227;0.2468183;0.1977701;0.1198538;433.6;0.2329969;False;12/21/2025 10:51:13 PM:165;1766332273165;;
424;246;0.2209577;0.2278308;0.1977594;0.1198522;434.4;0.2329923;False;12/21/2025 10:51:13 PM:196;1766332273196;;
424;263;0.2210874;0.2443657;0.2360648;0.3705176;436.1;0.2390963;False;12/21/2025 10:51:13 PM:227;1766332273227;;
424;277;0.2211903;0.2567339;0.2359428;0.370544;437.6;0.2390299;False;12/21/2025 10:51:13 PM:258;1766332273258;;
466;347;0.242782;0.3220579;0.3408052;0.5438137;438.5;0.2599043;False;12/21/2025 10:51:13 PM:290;1766332273290;;
501;396;0.2614339;0.3666951;0.3510367;0.5446507;439.3;0.2599191;False;12/21/2025 10:51:13 PM:323;1766332273323;;
500;401;0.260925;0.371716;0.2488613;0.4343433;439.1;0.2548476;False;12/21/2025 10:51:13 PM:358;1766332273358;;
461;401;0.2403934;0.3717301;0.1519151;0.3777403;440.8;0.252818;False;12/21/2025 10:51:13 PM:389;1766332273389;;
434;401;0.2263235;0.3717418;0.1517978;0.3777238;442.3;0.2527186;False;12/21/2025 10:51:13 PM:422;1766332273422;;
416;400;0.216795;0.3711588;0.1548684;0.3522869;442.6;0.2543995;False;12/21/2025 10:51:13 PM:455;1766332273455;;
402;400;0.2094967;0.3706678;0.1547565;0.352302;442.9;0.2543161;False;12/21/2025 10:51:13 PM:489;1766332273489;;
456;402;0.2375879;0.3722456;0.3392504;0.4080798;445.0;0.2467518;False;12/21/2025 10:51:13 PM:522;1766332273522;;
496;404;0.2584303;0.3749063;0.344185;0.4232076;446.8;0.246716;False;12/21/2025 10:51:13 PM:556;1766332273556;;
546;414;0.2848629;0.3835756;0.3794055;0.4689527;449.2;0.2525869;False;12/21/2025 10:51:13 PM:590;1766332273590;;
580;423;0.302301;0.391876;0.3811336;0.4811167;451.4;0.25266;False;12/21/2025 10:51:13 PM:622;1766332273622;;
594;445;0.3094492;0.4128443;0.3555233;0.5379168;453.1;0.2610041;False;12/21/2025 10:51:13 PM:662;1766332273662;;
670;505;0.349391;0.468292;0.4588211;0.6585358;454.2;0.2664988;False;12/21/2025 10:51:13 PM:700;1766332273700;;
699;535;0.3644332;0.4961891;0.4392035;0.6499886;455.2;0.2673672;False;12/21/2025 10:51:13 PM:730;1766332273730;;
726;547;0.3783683;0.5072577;0.4456044;0.6025644;456.8;0.271082;False;12/21/2025 10:51:13 PM:765;1766332273765;;
737;556;0.3843275;0.5148656;0.4295202;0.5996943;458.3;0.2710558;False;12/21/2025 10:51:13 PM:799;1766332273799;;
747;556;0.3891589;0.5154919;0.4323434;0.5525535;458.3;0.2741649;False;12/21/2025 10:51:13 PM:832;1766332273832;;
754;557;0.3927704;0.5159888;0.432636;0.5525303;458.2;0.274512;False;12/21/2025 10:51:13 PM:865;1766332273865;;
751;566;0.3916519;0.52488;0.3705398;0.6205605;458.9;0.266443;False;12/21/2025 10:51:13 PM:899;1766332273899;;
750;574;0.3907775;0.5316494;0.370593;0.6205535;459.5;0.266497;False;12/21/2025 10:51:13 PM:932;1766332273932;;
677;574;0.3528457;0.5320392;0.2376395;0.5480602;461.0;0.2679642;False;12/21/2025 10:51:13 PM:967;1766332273967;;
664;578;0.3462919;0.5356271;0.2958337;0.6077639;461.4;0.2668582;False;12/21/2025 10:51:13 PM:999;1766332273999;;
651;580;0.339544;0.5372329;0.2874337;0.5949105;461.7;0.2674351;False;12/21/2025 10:51:14 PM:32;1766332274032;;
654;580;0.3407141;0.5374979;0.3637355;0.5451276;462.2;0.2848957;False;12/21/2025 10:51:14 PM:65;1766332274065;;
656;580;0.341698;0.5377164;0.3640859;0.5451061;462.7;0.2853238;False;12/21/2025 10:51:14 PM:97;1766332274097;;
664;580;0.3461295;0.5378489;0.3920825;0.5614453;462.9;0.2823308;False;12/21/2025 10:51:14 PM:132;1766332274132;;
671;580;0.3496;0.5379616;0.3920882;0.5614449;463.1;0.2823383;False;12/21/2025 10:51:14 PM:166;1766332274166;;
657;582;0.3422911;0.5397711;0.2930037;0.5924896;465.0;0.2724981;False;12/21/2025 10:51:14 PM:201;1766332274201;;
673;587;0.350717;0.5441575;0.4134173;0.6192134;465.9;0.2737085;False;12/21/2025 10:51:14 PM:235;1766332274235;;
686;591;0.357327;0.5477709;0.413783;0.6192049;466.6;0.274162;False;12/21/2025 10:51:14 PM:270;1766332274270;;
692;591;0.360765;0.5481048;0.4065233;0.5748734;468.4;0.2751243;False;12/21/2025 10:51:14 PM:301;1766332274301;;
694;592;0.3618738;0.5482355;0.3934551;0.5803062;469.9;0.2757508;False;12/21/2025 10:51:14 PM:334;1766332274334;;
661;592;0.3446368;0.548564;0.2695223;0.5708265;469.3;0.2758539;False;12/21/2025 10:51:14 PM:367;1766332274367;;
638;592;0.3324953;0.5487953;0.2660004;0.5721169;468.8;0.2759605;False;12/21/2025 10:51:14 PM:398;1766332274398;;
630;592;0.3285853;0.5490674;0.2923675;0.5648702;467.4;0.2767113;False;12/21/2025 10:51:14 PM:431;1766332274431;;
613;590;0.3197137;0.5464202;0.2625172;0.5121688;467.3;0.2607484;False;12/21/2025 10:51:14 PM:465;1766332274465;;
601;588;0.3132855;0.545293;0.2631826;0.5233032;467.3;0.2608794;False;12/21/2025 10:51:14 PM:499;1766332274499;;
601;588;0.313286;0.5448534;0.3134857;0.5314407;465.4;0.2593562;False;12/21/2025 10:51:14 PM:533;1766332274533;;
601;585;0.3130715;0.5420444;0.3025692;0.4976436;463.6;0.2596594;False;12/21/2025 10:51:14 PM:565;1766332274565;;
622;587;0.3239903;0.5439214;0.3913789;0.5846516;463.5;0.2504827;False;12/21/2025 10:51:14 PM:597;1766332274597;;
631;588;0.3286905;0.5446563;0.3753527;0.5735957;463.4;0.2506295;False;12/21/2025 10:51:14 PM:627;1766332274627;;
630;577;0.3283544;0.5347786;0.3174416;0.4506524;468.7;0.1702655;False;12/21/2025 10:51:14 PM:660;1766332274660;;
629;568;0.3280557;0.5263408;0.3176559;0.4505651;473.5;0.1704341;False;12/21/2025 10:51:14 PM:698;1766332274698;;
629;563;0.3280392;0.5213257;0.3251613;0.4560227;475.9;0.1664196;False;12/21/2025 10:51:14 PM:731;1766332274731;;
629;558;0.3280295;0.5173153;0.3256074;0.4561204;478.0;0.1667645;False;12/21/2025 10:51:14 PM:766;1766332274766;;
652;558;0.3397384;0.5166845;0.4091716;0.4836503;479.7;0.2237352;False;12/21/2025 10:51:14 PM:798;1766332274798;;
668;559;0.3480094;0.5177119;0.4084104;0.5391259;480.6;0.2356211;False;12/21/2025 10:51:14 PM:830;1766332274830;;
679;559;0.3538545;0.5184309;0.4080918;0.5379878;481.4;0.2359433;False;12/21/2025 10:51:14 PM:861;1766332274861;;
688;560;0.3586212;0.5190551;0.4080445;0.5379916;482.1;0.2358921;False;12/21/2025 10:51:14 PM:893;1766332274893;;
688;560;0.3586425;0.5193838;0.3700149;0.5337548;482.6;0.2342914;False;12/21/2025 10:51:14 PM:927;1766332274927;;
691;564;0.3601484;0.5224052;0.3918653;0.5706588;484.8;0.2462224;False;12/21/2025 10:51:14 PM:960;1766332274960;;
693;566;0.3612847;0.5246409;0.391959;0.5706519;486.7;0.2463096;False;12/21/2025 10:51:14 PM:991;1766332274991;;
740;568;0.3857864;0.526786;0.4905739;0.573723;489.8;0.2560356;False;12/21/2025 10:51:15 PM:22;1766332275022;;
772;570;0.4023325;0.5285729;0.4903325;0.5750994;492.5;0.2562802;False;12/21/2025 10:51:15 PM:55;1766332275055;;
796;560;0.4146423;0.5188298;0.4897828;0.4405301;499.9;0.2595804;False;12/21/2025 10:51:15 PM:88;1766332275088;;
812;552;0.4231815;0.5119087;0.4899859;0.4404613;506.5;0.2598661;False;12/21/2025 10:51:15 PM:119;1766332275119;;
837;520;0.4362988;0.481562;0.5112198;0.3440416;515.1;0.2882471;False;12/21/2025 10:51:15 PM:156;1766332275156;;
851;513;0.4432339;0.4751511;0.503533;0.4053589;524.3;0.2988564;False;12/21/2025 10:51:15 PM:191;1766332275191;;
863;499;0.4496588;0.4623185;0.5111414;0.3588268;532.6;0.3017916;False;12/21/2025 10:51:15 PM:222;1766332275222;;
863;509;0.4499074;0.471769;0.4725508;0.5451837;540.0;0.3152591;False;12/21/2025 10:51:15 PM:262;1766332275262;;
864;519;0.450366;0.4808239;0.4762509;0.5568715;546.7;0.314766;False;12/21/2025 10:51:15 PM:302;1766332275302;;
860;519;0.4482935;0.4807858;0.4271086;0.4774181;555.3;0.276065;False;12/21/2025 10:51:15 PM:338;1766332275338;;
842;520;0.4390383;0.4819087;0.3833137;0.5139883;563.1;0.2770894;False;12/21/2025 10:51:15 PM:371;1766332275371;;
822;520;0.428399;0.4819254;0.3671206;0.4871999;566.7;0.2578473;False;12/21/2025 10:51:15 PM:405;1766332275405;;
817;498;0.42597;0.4616176;0.4062081;0.3836083;574.9;0.2429043;False;12/21/2025 10:51:15 PM:497;1766332275497;;
812;499;0.423061;0.4628759;0.385048;0.4911668;582.3;0.2431742;False;12/21/2025 10:51:15 PM:527;1766332275527;;
826;520;0.4305862;0.4816261;0.4857405;0.5990379;593.1;0.2296369;False;12/21/2025 10:51:15 PM:559;1766332275559;;
837;534;0.4360733;0.4950684;0.4857333;0.599017;602.8;0.2296835;False;12/21/2025 10:51:15 PM:590;1766332275590;;
850;538;0.4427642;0.4990564;0.4959055;0.5565155;611.0;0.2389524;False;12/21/2025 10:51:15 PM:625;1766332275625;;
858;542;0.4473687;0.5019185;0.4958962;0.5565601;618.4;0.2390776;False;12/21/2025 10:51:15 PM:656;1766332275656;;
882;512;0.4593873;0.4742017;0.5000792;0.407901;628.5;0.2204861;False;12/21/2025 10:51:15 PM:857;1766332275857;;
884;517;0.4606407;0.4790601;0.4979058;0.5351086;637.5;0.2206247;False;12/21/2025 10:51:15 PM:889;1766332275889;;
885;510;0.4611672;0.4728462;0.4738077;0.419885;644.8;0.2322739;False;12/21/2025 10:51:15 PM:973;1766332275973;;
887;510;0.4620485;0.4728225;0.4938475;0.4528747;651.3;0.2300567;False;12/21/2025 10:51:16 PM:5;1766332276005;;
888;546;0.4628342;0.506108;0.4945434;0.6518305;656.0;0.2258242;False;12/21/2025 10:51:16 PM:38;1766332276038;;
888;561;0.4630013;0.5202946;0.4878876;0.6189445;660.2;0.2258649;False;12/21/2025 10:51:16 PM:67;1766332276067;;
905;612;0.4716078;0.5670202;0.514159;0.6506389;669.4;0.2280689;False;12/21/2025 10:51:16 PM:280;1766332276280;;
909;615;0.4739375;0.5701461;0.5247295;0.6333138;677.6;0.225895;False;12/21/2025 10:51:16 PM:311;1766332276311;;
910;615;0.4742575;0.5701703;0.4806353;0.571007;690.3;0.2132087;False;12/21/2025 10:51:16 PM:344;1766332276344;;
911;615;0.4745018;0.5701882;0.4805876;0.5709622;701.8;0.2133863;False;12/21/2025 10:51:16 PM:373;1766332276373;;
922;625;0.4803681;0.5793015;0.5287243;0.6482527;708.3;0.223843;False;12/21/2025 10:51:16 PM:450;1766332276450;;
932;630;0.4856947;0.584151;0.5505983;0.6640656;714.2;0.2239257;False;12/21/2025 10:51:16 PM:481;1766332276481;;
942;640;0.4907522;0.5928787;0.537964;0.6641477;719.5;0.2117709;False;12/21/2025 10:51:16 PM:579;1766332276579;;
943;643;0.4913701;0.5961954;0.5315492;0.6741881;724.3;0.2109638;False;12/21/2025 10:51:16 PM:609;1766332276609;;
943;644;0.4914202;0.596626;0.5255469;0.6297463;729.8;0.2090978;False;12/21/2025 10:51:16 PM:640;1766332276640;;
943;644;0.491468;0.5969899;0.5256064;0.6297233;734.8;0.2091736;False;12/21/2025 10:51:16 PM:672;1766332276672;;
938;645;0.4885949;0.5975485;0.4750099;0.6427584;739.0;0.2138669;False;12/21/2025 10:51:16 PM:757;1766332276757;;
936;645;0.4876349;0.5980263;0.4736688;0.6152477;742.7;0.2126111;False;12/21/2025 10:51:16 PM:789;1766332276789;;
936;646;0.4877015;0.59836;0.4906255;0.6099273;747.7;0.2172602;False;12/21/2025 10:51:16 PM:821;1766332276821;;
936;646;0.4877595;0.598649;0.4906286;0.6099359;752.2;0.2172507;False;12/21/2025 10:51:16 PM:855;1766332276855;;
906;646;0.4722014;0.5988196;0.3964539;0.6208178;750.8;0.2211235;False;12/21/2025 10:51:16 PM:887;1766332276887;;
880;646;0.4584985;0.5990363;0.3871629;0.6127834;749.5;0.2216013;False;12/21/2025 10:51:16 PM:920;1766332276920;;
890;652;0.4636425;0.6038869;0.5139945;0.6787203;741.7;0.2321393;False;12/21/2025 10:51:16 PM:952;1766332276952;;
897;656;0.4676101;0.6077023;0.5141711;0.6786596;734.7;0.2327113;False;12/21/2025 10:51:16 PM:987;1766332276987;;
898;656;0.4679497;0.6077285;0.4889544;0.6409726;736.1;0.2149143;False;12/21/2025 10:51:17 PM:17;1766332277017;;
899;656;0.4682356;0.6077538;0.4889297;0.6409255;737.3;0.2150615;False;12/21/2025 10:51:17 PM:51;1766332277051;;
899;658;0.4683122;0.6097044;0.4854352;0.6686493;740.5;0.2099426;False;12/21/2025 10:51:17 PM:84;1766332277084;;
899;660;0.4683719;0.6111888;0.4854236;0.6686406;743.4;0.2099892;False;12/21/2025 10:51:17 PM:117;1766332277117;;
788;666;0.4106059;0.6173861;0.2759281;0.7084857;752.3;0.2052731;False;12/21/2025 10:51:17 PM:151;1766332277151;;
765;664;0.398926;0.6153079;0.3463354;0.5907696;753.1;0.1784469;False;12/21/2025 10:51:17 PM:185;1766332277185;;
751;662;0.3911872;0.6137808;0.346651;0.5908121;753.8;0.1782951;False;12/21/2025 10:51:17 PM:219;1766332277219;;
737;663;0.3839665;0.6146594;0.3404692;0.6550905;755.9;0.2186346;False;12/21/2025 10:51:17 PM:254;1766332277254;;
727;663;0.3787799;0.6147276;0.3393447;0.6386537;757.9;0.2187625;False;12/21/2025 10:51:17 PM:287;1766332277287;;
694;665;0.3616658;0.6158003;0.2874588;0.6598194;759.5;0.2186662;False;12/21/2025 10:51:17 PM:323;1766332277323;;
664;666;0.3460158;0.6167775;0.2703677;0.6625548;760.9;0.2192577;False;12/21/2025 10:51:17 PM:356;1766332277356;;
662;666;0.3449946;0.6170538;0.3275996;0.6315847;761.6;0.2011352;False;12/21/2025 10:51:17 PM:390;1766332277390;;
662;666;0.3450061;0.6172734;0.3488038;0.634533;764.6;0.2200087;False;12/21/2025 10:51:17 PM:426;1766332277426;;
662;666;0.3448695;0.6174679;0.3390781;0.6290949;767.2;0.219738;False;12/21/2025 10:51:17 PM:461;1766332277461;;
574;669;0.2991012;0.6201948;0.1799013;0.6771895;764.9;0.2224661;False;12/21/2025 10:51:17 PM:499;1766332277499;;
512;672;0.2668559;0.6224687;0.1622067;0.6813063;762.8;0.2231632;False;12/21/2025 10:51:17 PM:530;1766332277530;;
495;672;0.2581731;0.6226624;0.2076277;0.6298572;757.0;0.2109779;False;12/21/2025 10:51:17 PM:563;1766332277563;;
481;672;0.2506164;0.6228485;0.2013707;0.6327919;751.9;0.2111779;False;12/21/2025 10:51:17 PM:596;1766332277596;;
470;672;0.2451896;0.6229951;0.2033127;0.6308417;747.5;0.2098962;False;12/21/2025 10:51:17 PM:630;1766332277630;;
464;672;0.2418152;0.6230748;0.2071361;0.6271254;744.9;0.2143734;False;12/21/2025 10:51:17 PM:664;1766332277664;;
456;672;0.237705;0.6229345;0.1969677;0.6177688;742.6;0.214632;False;12/21/2025 10:51:17 PM:698;1766332277698;;
458;672;0.2386839;0.6229417;0.2586831;0.6233807;739.5;0.2150673;False;12/21/2025 10:51:17 PM:732;1766332277732;;
458;672;0.238786;0.6229488;0.2466618;0.623502;736.7;0.2152725;False;12/21/2025 10:51:17 PM:766;1766332277766;;
468;669;0.2440168;0.6199504;0.2912654;0.5768812;734.8;0.2249586;False;12/21/2025 10:51:17 PM:802;1766332277802;;
470;667;0.2450225;0.6177801;0.2699478;0.5770252;733.2;0.2253093;False;12/21/2025 10:51:17 PM:835;1766332277835;;
478;663;0.2491319;0.6142702;0.2954312;0.5603914;729.6;0.2149579;False;12/21/2025 10:51:17 PM:870;1766332277870;;
485;659;0.2529466;0.6107031;0.2990972;0.5538937;726.3;0.2339992;False;12/21/2025 10:51:17 PM:905;1766332277905;;
488;657;0.2546196;0.6090605;0.290925;0.5638025;723.3;0.2342287;False;12/21/2025 10:51:17 PM:937;1766332277937;;
491;654;0.2561913;0.6055889;0.2925282;0.5432716;721.4;0.2287286;False;12/21/2025 10:51:17 PM:971;1766332277971;;
500;650;0.260555;0.6027013;0.3147085;0.5414411;719.6;0.2286183;False;12/21/2025 10:51:18 PM:4;1766332278004;;
559;648;0.2911943;0.6007721;0.4080302;0.5454986;714.9;0.2297259;False;12/21/2025 10:51:18 PM:37;1766332278037;;
599;647;0.3122356;0.5992048;0.4081609;0.545501;710.7;0.2297277;False;12/21/2025 10:51:18 PM:70;1766332278070;;
520;633;0.2709135;0.5864176;0.2253498;0.5260242;707.6;0.2255299;False;12/21/2025 10:51:18 PM:614;1766332278614;;
546;632;0.2844852;0.5859999;0.3500839;0.5435362;704.9;0.2246312;False;12/21/2025 10:51:18 PM:646;1766332278646;;
648;634;0.3377482;0.5871431;0.4658576;0.6021053;700.5;0.229183;False;12/21/2025 10:51:18 PM:679;1766332278679;;
713;634;0.3714059;0.5876207;0.4693587;0.5962634;696.6;0.2291885;False;12/21/2025 10:51:18 PM:710;1766332278710;;
796;637;0.4147484;0.5906802;0.4908932;0.6163954;696.0;0.2398321;False;12/21/2025 10:51:18 PM:774;1766332278774;;
826;636;0.4305095;0.5898115;0.4831791;0.5565556;694.5;0.2286616;False;12/21/2025 10:51:18 PM:822;1766332278822;;
844;636;0.4396462;0.5894006;0.4869659;0.5587788;693.1;0.2286433;False;12/21/2025 10:51:18 PM:857;1766332278857;;
856;635;0.4462657;0.5885519;0.4872078;0.5501634;691.7;0.2397787;False;12/21/2025 10:51:18 PM:894;1766332278894;;
862;635;0.4493545;0.5882933;0.4709739;0.5730177;693.0;0.2395152;False;12/21/2025 10:51:18 PM:955;1766332278955;;
862;634;0.4493125;0.5875797;0.4440044;0.5508828;685.4;0.2306227;False;12/21/2025 10:51:18 PM:990;1766332278990;;
862;633;0.4492779;0.5870118;0.4441842;0.5508561;678.7;0.2306466;False;12/21/2025 10:51:19 PM:24;1766332279024;;
862;633;0.4494717;0.5869926;0.4554778;0.5620061;676.1;0.2424598;False;12/21/2025 10:51:19 PM:62;1766332279062;;
869;633;0.4528496;0.5868992;0.4865521;0.583742;673.8;0.2422806;False;12/21/2025 10:51:19 PM:101;1766332279101;;
863;632;0.4499161;0.5859992;0.4144505;0.547153;677.2;0.2357605;False;12/21/2025 10:51:19 PM:135;1766332279135;;
750;639;0.3907657;0.5917874;0.2530164;0.646653;679.9;0.2215771;False;12/21/2025 10:51:19 PM:172;1766332279172;;
667;642;0.3475996;0.5950236;0.2301464;0.6402702;682.4;0.2216107;False;12/21/2025 10:51:19 PM:203;1766332279203;;
668;640;0.3480196;0.5926689;0.3563011;0.5466616;679.9;0.2224623;False;12/21/2025 10:51:19 PM:239;1766332279239;;
666;638;0.3471337;0.5909098;0.3361855;0.5467793;677.7;0.2224658;False;12/21/2025 10:51:19 PM:270;1766332279270;;
665;638;0.3464871;0.5908875;0.3373834;0.5896819;680.5;0.2152947;False;12/21/2025 10:51:19 PM:308;1766332279308;;
664;638;0.34601;0.5908704;0.3373659;0.5896819;683.1;0.2152931;False;12/21/2025 10:51:19 PM:342;1766332279342;;
629;642;0.3277538;0.5953513;0.2509504;0.6481477;687.3;0.1684805;False;12/21/2025 10:51:19 PM:377;1766332279377;;
629;640;0.3279232;0.5928025;0.3435528;0.5473202;690.0;0.1804501;False;12/21/2025 10:51:19 PM:412;1766332279412;;
629;637;0.3279923;0.5902755;0.3356616;0.5424418;692.6;0.1804513;False;12/21/2025 10:51:19 PM:449;1766332279449;;
582;610;0.3036401;0.5654631;0.2538582;0.4833321;694.5;0.2386641;False;12/21/2025 10:51:19 PM:594;1766332279594;;
616;604;0.3212988;0.5594705;0.40479;0.4714222;696.2;0.2387289;False;12/21/2025 10:51:19 PM:624;1766332279624;;
667;604;0.3479127;0.5593333;0.4456345;0.5559046;696.9;0.2435275;False;12/21/2025 10:51:19 PM:659;1766332279659;;
701;603;0.3655062;0.559226;0.4456328;0.5559049;697.5;0.2435273;False;12/21/2025 10:51:19 PM:691;1766332279691;;
713;557;0.3714115;0.5163462;0.4168569;0.3363672;696.8;0.2256174;False;12/21/2025 10:51:19 PM:726;1766332279726;;
654;561;0.3408022;0.5202035;0.2805811;0.5449067;695.6;0.2428503;False;12/21/2025 10:51:19 PM:876;1766332279876;;
710;568;0.3698166;0.5261902;0.4693474;0.5958773;694.5;0.2419934;False;12/21/2025 10:51:19 PM:907;1766332279907;;
702;559;0.3656976;0.5178704;0.3269846;0.4690047;695.8;0.2453675;False;12/21/2025 10:51:20 PM:9;1766332280009;;
757;559;0.3946682;0.5177387;0.4869978;0.5016014;696.9;0.2454168;False;12/21/2025 10:51:20 PM:43;1766332280043;;
790;562;0.4114904;0.5207853;0.4805468;0.5646239;696.6;0.242421;False;12/21/2025 10:51:20 PM:78;1766332280078;;
786;563;0.4098353;0.5216364;0.368082;0.5463106;694.1;0.2255075;False;12/21/2025 10:51:20 PM:111;1766332280111;;
780;563;0.4066828;0.5221179;0.3535616;0.5429723;691.9;0.2255052;False;12/21/2025 10:51:20 PM:142;1766332280142;;
656;540;0.3421246;0.5001982;0.2568111;0.43275;685.8;0.2747914;False;12/21/2025 10:51:20 PM:311;1766332280311;;
665;544;0.3467135;0.5037113;0.3821729;0.5487182;680.2;0.2685169;False;12/21/2025 10:51:20 PM:340;1766332280340;;
740;537;0.385846;0.4980183;0.4940419;0.4252357;673.7;0.3346789;False;12/21/2025 10:51:20 PM:376;1766332280376;;
788;528;0.4104643;0.4892166;0.4963659;0.3961322;667.8;0.3353137;False;12/21/2025 10:51:20 PM:409;1766332280409;;
802;535;0.4178839;0.4955413;0.4613428;0.5543967;659.2;0.2776485;False;12/21/2025 10:51:20 PM:442;1766332280442;;
813;537;0.4236099;0.4980491;0.4637012;0.5362073;651.4;0.2786236;False;12/21/2025 10:51:20 PM:475;1766332280475;;
834;552;0.4348231;0.5114544;0.4946397;0.6068867;647.3;0.3131097;False;12/21/2025 10:51:20 PM:509;1766332280509;;
849;562;0.4423241;0.5208867;0.4925781;0.6047072;643.7;0.3137906;False;12/21/2025 10:51:20 PM:543;1766332280543;;
830;542;0.4324929;0.5022954;0.3669807;0.3920745;641.3;0.297455;False;12/21/2025 10:51:20 PM:579;1766332280579;;
689;443;0.3591957;0.410868;0.1998465;0.1725809;632.8;0.236623;False;12/21/2025 10:51:20 PM:612;1766332280612;;
604;380;0.3145931;0.3527406;0.1994895;0.1725696;625.2;0.2364192;False;12/21/2025 10:51:20 PM:645;1766332280645;;
570;381;0.2971318;0.3533491;0.2311504;0.3780105;619.9;0.2460089;False;12/21/2025 10:51:20 PM:680;1766332280680;;
550;381;0.2868384;0.3534773;0.2345919;0.3915079;615.1;0.2459463;False;12/21/2025 10:51:20 PM:714;1766332280714;;
549;366;0.2860631;0.3395293;0.2762796;0.2553457;606.4;0.2355641;False;12/21/2025 10:51:20 PM:747;1766332280747;;
548;355;0.2854562;0.3292648;0.2763071;0.2553249;598.6;0.2355553;False;12/21/2025 10:51:20 PM:782;1766332280782;;
589;355;0.3070447;0.3293303;0.4028983;0.332485;594.6;0.2707808;False;12/21/2025 10:51:20 PM:819;1766332280819;;
684;351;0.3564993;0.3256353;0.4887822;0.2804554;587.3;0.2534423;False;12/21/2025 10:51:20 PM:854;1766332280854;;
758;346;0.3952248;0.3212896;0.5069451;0.2683772;580.7;0.2535306;False;12/21/2025 10:51:20 PM:890;1766332280890;;
758;307;0.3953034;0.2849934;0.3973883;0.1284061;573.0;0.2414671;False;12/21/2025 10:51:20 PM:924;1766332280924;;
759;281;0.3953645;0.2606354;0.397397;0.1284159;566.1;0.2414745;False;12/21/2025 10:51:20 PM:957;1766332280957;;
754;257;0.3927469;0.2383409;0.3539771;0.1131691;560.8;0.251936;False;12/21/2025 10:51:20 PM:991;1766332280991;;
736;219;0.3838013;0.2029451;0.3164858;0.0447843;554.1;0.2494371;False;12/21/2025 10:51:21 PM:24;1766332281024;;
723;191;0.3769761;0.1777602;0.3163842;0.0447507;548.1;0.2493585;False;12/21/2025 10:51:21 PM:59;1766332281059;;
686;167;0.3577486;0.1550297;0.2640437;0.02691598;542.4;0.249379;False;12/21/2025 10:51:21 PM:94;1766332281094;;
661;150;0.3446873;0.1393529;0.263869;0.02692053;537.2;0.2492936;False;12/21/2025 10:51:21 PM:126;1766332281126;;
613;162;0.3197757;0.1500376;0.21633;0.2334539;530.7;0.2573092;False;12/21/2025 10:51:21 PM:160;1766332281160;;
581;170;0.3029879;0.1578291;0.2163121;0.2334584;524.9;0.2572969;False;12/21/2025 10:51:21 PM:194;1766332281194;;
574;194;0.2994721;0.1800637;0.256291;0.3046123;517.8;0.2589321;False;12/21/2025 10:51:21 PM:229;1766332281229;;
570;210;0.2969057;0.1946504;0.2561621;0.3025982;511.5;0.2588773;False;12/21/2025 10:51:21 PM:262;1766332281262;;
558;191;0.2908829;0.1776966;0.2325099;0.07222313;506.5;0.2493531;False;12/21/2025 10:51:21 PM:296;1766332281296;;
580;162;0.3022469;0.1507983;0.3628798;0.01448553;501.2;0.248045;False;12/21/2025 10:51:21 PM:330;1766332281330;;
593;143;0.3092871;0.1325103;0.3592365;0.01491219;496.4;0.2479333;False;12/21/2025 10:51:21 PM:360;1766332281360;;
597;143;0.3114023;0.1324337;0.3369676;0.1242091;491.6;0.2491224;False;12/21/2025 10:51:21 PM:396;1766332281396;;
599;143;0.3124389;0.1324321;0.3324292;0.1314082;487.2;0.2490299;False;12/21/2025 10:51:21 PM:429;1766332281429;;
598;126;0.3117809;0.1169738;0.2936632;0.008889897;482.4;0.2574856;False;12/21/2025 10:51:21 PM:462;1766332281462;;
597;113;0.3112314;0.1051684;0.2936335;0.008885535;478.1;0.2574664;False;12/21/2025 10:51:21 PM:496;1766332281496;;
596;114;0.3108159;0.1062258;0.2939081;0.1293526;474.3;0.2493439;False;12/21/2025 10:51:21 PM:530;1766332281530;;
596;115;0.310489;0.1070238;0.2937421;0.1293782;471.0;0.2492475;False;12/21/2025 10:51:21 PM:562;1766332281562;;
594;107;0.3094115;0.09971644;0.282858;0.02354899;467.5;0.2453955;False;12/21/2025 10:51:21 PM:596;1766332281596;;
592;102;0.3086466;0.09459976;0.2838005;0.02596192;464.3;0.2528068;False;12/21/2025 10:51:21 PM:630;1766332281630;;
591;97;0.3080226;0.09059766;0.2837473;0.02596684;461.3;0.2527733;False;12/21/2025 10:51:21 PM:663;1766332281663;;
569;93;0.2964768;0.08645906;0.2227466;0.01940469;460.2;0.2512016;False;12/21/2025 10:51:21 PM:699;1766332281699;;
553;89;0.288067;0.08320928;0.2228163;0.01938096;459.2;0.251232;False;12/21/2025 10:51:21 PM:735;1766332281735;;
475;89;0.2474235;0.08317801;0.1192335;0.05322705;456.9;0.248737;False;12/21/2025 10:51:21 PM:769;1766332281769;;
425;89;0.2216868;0.08316292;0.1218546;0.05240964;454.8;0.24857;False;12/21/2025 10:51:21 PM:802;1766332281802;;
397;89;0.2068146;0.08294372;0.1314318;0.06041969;452.9;0.2481197;False;12/21/2025 10:51:21 PM:837;1766332281837;;
361;89;0.1884575;0.08284641;0.1054471;0.05686057;452.8;0.2387081;False;12/21/2025 10:51:21 PM:872;1766332281872;;
335;89;0.1749515;0.08275998;0.1054452;0.05686042;452.7;0.2386809;False;12/21/2025 10:51:21 PM:911;1766332281911;;
327;89;0.170759;0.08255679;0.1294964;0.05046779;451.1;0.2397323;False;12/21/2025 10:51:21 PM:951;1766332281951;;
320;90;0.1670979;0.08388231;0.1241207;0.1051343;449.6;0.2396631;False;12/21/2025 10:51:21 PM:985;1766332281985;;
309;90;0.1612465;0.08369613;0.1063199;0.05748165;447.8;0.2406314;False;12/21/2025 10:51:22 PM:19;1766332282019;;
304;127;0.15852;0.1181065;0.1168939;0.2617885;447.5;0.2347988;False;12/21/2025 10:51:22 PM:53;1766332282053;;
300;153;0.1563141;0.1424095;0.1168229;0.2617972;447.3;0.2347656;False;12/21/2025 10:51:22 PM:89;1766332282089;;
294;146;0.153461;0.1355707;0.1083001;0.05640725;444.7;0.2497932;False;12/21/2025 10:51:22 PM:124;1766332282124;;
290;140;0.151274;0.1304278;0.1082802;0.05641161;442.5;0.2496753;False;12/21/2025 10:51:22 PM:157;1766332282157;;
289;154;0.1509991;0.1428842;0.1382268;0.2281031;442.3;0.2076227;False;12/21/2025 10:51:22 PM:191;1766332282191;;
289;210;0.1508777;0.1945344;0.1326215;0.3624564;444.3;0.1729296;False;12/21/2025 10:51:22 PM:229;1766332282229;;
289;243;0.1508029;0.2250704;0.1322294;0.3624263;446.2;0.1727753;False;12/21/2025 10:51:22 PM:261;1766332282261;;
288;233;0.1505123;0.2165515;0.1254587;0.1266877;445.3;0.2132895;False;12/21/2025 10:51:22 PM:296;1766332282296;;
288;227;0.1501264;0.2109831;0.1242669;0.1388846;444.5;0.2131831;False;12/21/2025 10:51:22 PM:342;1766332282342;;
296;197;0.1543145;0.1832836;0.185134;0.03777968;443.7;0.2317237;False;12/21/2025 10:51:22 PM:381;1766332282381;;
296;182;0.1541979;0.1685921;0.1367073;0.04785825;443.6;0.2538971;False;12/21/2025 10:51:22 PM:414;1766332282414;;
295;169;0.1540981;0.1573304;0.1366796;0.04786803;443.4;0.2537133;False;12/21/2025 10:51:22 PM:449;1766332282449;;
295;161;0.1540234;0.1493088;0.1368688;0.0507028;442.5;0.2395092;False;12/21/2025 10:51:22 PM:483;1766332282483;;
294;161;0.1535449;0.1490789;0.1292596;0.1106293;441.6;0.2394145;False;12/21/2025 10:51:22 PM:518;1766332282518;;
294;160;0.1531613;0.1490087;0.1295349;0.1078493;441.7;0.2593279;False;12/21/2025 10:51:22 PM:553;1766332282553;;
294;160;0.1531384;0.1489905;0.1360084;0.1070355;440.9;0.2552636;False;12/21/2025 10:51:22 PM:588;1766332282588;;
294;160;0.1531275;0.1489766;0.1358106;0.1070135;440.2;0.2551517;False;12/21/2025 10:51:22 PM:620;1766332282620;;
293;153;0.1531132;0.1424471;0.1353486;0.04818178;439.0;0.2547037;False;12/21/2025 10:51:22 PM:654;1766332282654;;
293;148;0.1530681;0.1374629;0.1344996;0.04841821;438.0;0.2546627;False;12/21/2025 10:51:22 PM:686;1766332282686;;
293;147;0.1530375;0.1367538;0.1347349;0.1155838;437.2;0.2550739;False;12/21/2025 10:51:22 PM:722;1766332282722;;
293;147;0.1530141;0.1362275;0.1347459;0.1155843;436.5;0.2550765;False;12/21/2025 10:51:22 PM:754;1766332282754;;
293;148;0.1530382;0.1376383;0.1536305;0.1567668;436.9;0.2599269;False;12/21/2025 10:51:22 PM:789;1766332282789;;
309;139;0.1611393;0.1290837;0.2123136;0.03373591;436.4;0.265449;False;12/21/2025 10:51:22 PM:824;1766332282824;;
322;132;0.1677546;0.1229522;0.2163511;0.0355814;435.9;0.2652919;False;12/21/2025 10:51:22 PM:857;1766332282857;;
322;133;0.1681195;0.1231628;0.178792;0.1272388;436.4;0.2601208;False;12/21/2025 10:51:22 PM:891;1766332282891;;
323;133;0.168435;0.123345;0.1787093;0.1272484;436.9;0.2600952;False;12/21/2025 10:51:22 PM:930;1766332282930;;
317;133;0.1654205;0.1231555;0.1306164;0.1124794;435.7;0.2549827;False;12/21/2025 10:51:22 PM:968;1766332282968;;
312;133;0.162982;0.1233808;0.1280236;0.1300156;434.6;0.254677;False;12/21/2025 10:51:23 PM:1;1766332283001;;
312;132;0.1629725;0.1228171;0.1623156;0.09119504;434.2;0.2611519;False;12/21/2025 10:51:23 PM:34;1766332283034;;
318;127;0.1658256;0.1176414;0.1976283;0.04547681;433.8;0.2568699;False;12/21/2025 10:51:23 PM:69;1766332283069;;
322;123;0.1678268;0.1139678;0.1976446;0.04547688;433.4;0.2568772;False;12/21/2025 10:51:23 PM:100;1766332283100;;
319;119;0.1661699;0.1107567;0.1404264;0.04581558;432.6;0.2465994;False;12/21/2025 10:51:23 PM:135;1766332283135;;
316;116;0.1648392;0.1081166;0.1405437;0.04577513;431.9;0.2466482;False;12/21/2025 10:51:23 PM:173;1766332283173;;
311;115;0.1621494;0.1065945;0.1266332;0.0509259;432.7;0.2541153;False;12/21/2025 10:51:23 PM:210;1766332283210;;
306;113;0.1598724;0.1055158;0.1240707;0.05170061;433.4;0.2538928;False;12/21/2025 10:51:23 PM:245;1766332283245;;
305;112;0.1592181;0.1043604;0.1354595;0.04827374;434.5;0.2585968;False;12/21/2025 10:51:23 PM:279;1766332283279;;
302;112;0.1576115;0.1037729;0.1235687;0.05257388;436.1;0.2535478;False;12/21/2025 10:51:23 PM:314;1766332283314;;
300;111;0.1562766;0.1032717;0.1235463;0.05260838;437.5;0.2534361;False;12/21/2025 10:51:23 PM:349;1766332283349;;
296;120;0.1543117;0.1112799;0.1150332;0.1712256;436.8;0.2634043;False;12/21/2025 10:51:23 PM:383;1766332283383;;
289;150;0.1509206;0.1393548;0.1030164;0.261175;436.2;0.2631729;False;12/21/2025 10:51:23 PM:419;1766332283419;;
289;144;0.1507795;0.1341361;0.1260381;0.05637043;435.7;0.2574209;False;12/21/2025 10:51:23 PM:453;1766332283453;;
289;140;0.1506619;0.1300651;0.1260137;0.05632229;435.2;0.2572498;False;12/21/2025 10:51:23 PM:487;1766332283487;;
288;137;0.150289;0.1272438;0.1219261;0.06059201;434.9;0.2479919;False;12/21/2025 10:51:23 PM:522;1766332283522;;
287;134;0.1494905;0.124374;0.1159681;0.05503842;434.3;0.2440231;False;12/21/2025 10:51:23 PM:557;1766332283557;;
283;132;0.147631;0.1226145;0.1041366;0.05876046;433.7;0.2439199;False;12/21/2025 10:51:23 PM:590;1766332283590;;
283;130;0.1475168;0.1205743;0.1195145;0.05400951;432.8;0.2546387;False;12/21/2025 10:51:23 PM:626;1766332283626;;
283;128;0.1474227;0.1189482;0.1195126;0.05401014;432.1;0.2546294;False;12/21/2025 10:51:23 PM:663;1766332283663;;
281;127;0.1466204;0.1179154;0.1106114;0.05668482;432.5;0.2523771;False;12/21/2025 10:51:23 PM:697;1766332283697;;
280;126;0.1463357;0.1173734;0.1148952;0.1062597;433.0;0.2558155;False;12/21/2025 10:51:23 PM:733;1766332283733;;
280;126;0.1461169;0.1169708;0.1148956;0.1062614;433.5;0.2558199;False;12/21/2025 10:51:23 PM:768;1766332283768;;
280;126;0.1460201;0.1172953;0.1161525;0.1234321;433.7;0.2563361;False;12/21/2025 10:51:23 PM:803;1766332283803;;
279;126;0.1458012;0.117219;0.1211808;0.08634859;433.9;0.2564637;False;12/21/2025 10:51:23 PM:839;1766332283839;;
279;124;0.1455148;0.1151704;0.1241618;0.05818868;435.0;0.2449034;False;12/21/2025 10:51:23 PM:873;1766332283873;;
278;121;0.1451739;0.1126524;0.127136;0.05131096;434.0;0.2437286;False;12/21/2025 10:51:23 PM:911;1766332283911;;
278;119;0.144886;0.1105672;0.1271279;0.051314;433.1;0.2436753;False;12/21/2025 10:51:23 PM:952;1766332283952;;
274;147;0.143026;0.1366635;0.1018923;0.251505;432.8;0.2588762;False;12/21/2025 10:51:23 PM:988;1766332283988;;
274;141;0.1427739;0.1313755;0.1240962;0.05245801;434.0;0.2549164;False;12/21/2025 10:51:24 PM:25;1766332284025;;
273;137;0.1425869;0.1276095;0.1240896;0.05246034;435.0;0.2548803;False;12/21/2025 10:51:24 PM:59;1766332284059;;
273;134;0.1425634;0.1246546;0.1205615;0.05341403;436.4;0.2564777;False;12/21/2025 10:51:24 PM:93;1766332284093;;
273;131;0.1425414;0.1221398;0.1205695;0.05341113;437.6;0.2565317;False;12/21/2025 10:51:24 PM:130;1766332284130;;
272;129;0.1420816;0.1203027;0.1137037;0.05553607;437.5;0.2448404;False;12/21/2025 10:51:24 PM:170;1766332284170;;
272;128;0.1419489;0.1187856;0.1168544;0.05457578;437.3;0.2446541;False;12/21/2025 10:51:24 PM:209;1766332284209;;
277;127;0.1444973;0.1178403;0.165886;0.05767772;437.9;0.259756;False;12/21/2025 10:51:24 PM:251;1766332284251;;
562;193;0.2931539;0.1793586;0.4848132;0.3539961;440.1;0.2489388;True;12/21/2025 10:51:24 PM:286;1766332284286;;
768;179;0.4005036;0.1663478;0.5448717;0.03497734;440.0;0.2500351;True;12/21/2025 10:51:24 PM:319;1766332284319;;
874;168;0.455216;0.1564224;0.54457;0.03494722;439.8;0.2499993;True;12/21/2025 10:51:24 PM:354;1766332284354;;
861;168;0.4484388;0.1557463;0.4211997;0.1453187;439.0;0.2497416;True;12/21/2025 10:51:24 PM:388;1766332284388;;
852;167;0.4437957;0.1552375;0.4201405;0.1454293;438.2;0.2496435;True;12/21/2025 10:51:24 PM:421;1766332284421;;
847;164;0.4412664;0.1526217;0.4277264;0.07964741;437.1;0.2585827;True;12/21/2025 10:51:24 PM:456;1766332284456;;
845;164;0.440461;0.1523968;0.4356293;0.1001134;436.2;0.2585206;True;12/21/2025 10:51:24 PM:490;1766332284490;;
845;277;0.4403464;0.2570156;0.3705302;0.4803954;435.8;0.2654047;True;12/21/2025 10:51:24 PM:526;1766332284526;;
841;285;0.4380991;0.2648135;0.3935122;0.3097628;433.7;0.2610255;True;12/21/2025 10:51:24 PM:561;1766332284561;;
837;291;0.4364252;0.2701851;0.3931803;0.3097932;431.7;0.260975;True;12/21/2025 10:51:24 PM:597;1766332284597;;
834;236;0.4345175;0.219406;0.4038944;0.02591103;433.2;0.2629741;True;12/21/2025 10:51:24 PM:637;1766332284637;;
831;206;0.4332395;0.1912977;0.409853;0.02961062;434.5;0.2627573;True;12/21/2025 10:51:24 PM:669;1766332284669;;
816;257;0.4253275;0.2388435;0.3432088;0.3990921;433.9;0.2515414;True;12/21/2025 10:51:24 PM:704;1766332284704;;
805;291;0.4192752;0.2702618;0.3431069;0.3990717;433.3;0.251508;True;12/21/2025 10:51:24 PM:737;1766332284737;;
803;275;0.4183674;0.2552541;0.3862072;0.1336123;435.0;0.2583486;True;12/21/2025 10:51:24 PM:774;1766332284774;;
797;275;0.4155708;0.2554881;0.3543096;0.2598321;436.7;0.2598345;True;12/21/2025 10:51:24 PM:807;1766332284807;;
792;275;0.4128568;0.2555291;0.3515053;0.2565264;438.1;0.2597863;True;12/21/2025 10:51:24 PM:842;1766332284842;;
666;285;0.347022;0.2640007;0.1828983;0.3315549;439.3;0.2380773;True;12/21/2025 10:51:24 PM:877;1766332284877;;
568;298;0.2962674;0.2763559;0.1577326;0.3658227;440.4;0.2379834;True;12/21/2025 10:51:24 PM:909;1766332284909;;
482;378;0.2513576;0.35019;0.1316724;0.5583444;438.3;0.2447757;True;12/21/2025 10:51:24 PM:944;1766332284944;;
417;415;0.2174226;0.3845031;0.1215079;0.5172576;436.4;0.2447594;True;12/21/2025 10:51:24 PM:982;1766332284982;;
347;431;0.1807482;0.3995903;0.08083472;0.4899049;435.7;0.2502816;True;12/21/2025 10:51:25 PM:19;1766332285019;;
300;437;0.1565005;0.4052436;0.08006151;0.4598388;436.6;0.2437598;True;12/21/2025 10:51:25 PM:57;1766332285057;;
272;447;0.141841;0.4142851;0.07877633;0.4930404;437.4;0.2436613;True;12/21/2025 10:51:25 PM:91;1766332285091;;
256;473;0.133837;0.438445;0.08740427;0.5690634;437.1;0.2456108;True;12/21/2025 10:51:25 PM:125;1766332285125;;
245;492;0.1280173;0.4558451;0.08739912;0.5690475;436.9;0.2455103;True;12/21/2025 10:51:25 PM:160;1766332285160;;
235;494;0.1226486;0.45803;0.08206336;0.5032356;438.1;0.2351229;True;12/21/2025 10:51:25 PM:195;1766332285195;;
227;495;0.1186291;0.4590313;0.08073958;0.4948652;439.2;0.2350579;True;12/21/2025 10:51:25 PM:229;1766332285229;;
224;495;0.1171413;0.4587512;0.09341974;0.4497237;440.6;0.2307956;True;12/21/2025 10:51:25 PM:263;1766332285263;;
223;509;0.1163381;0.4720404;0.09799246;0.5741528;440.4;0.2464501;True;12/21/2025 10:51:25 PM:299;1766332285299;;
221;520;0.1153664;0.4822983;0.09357145;0.5774593;440.3;0.2464406;True;12/21/2025 10:51:25 PM:334;1766332285334;;
222;496;0.1161212;0.4596514;0.13177;0.346324;438.7;0.2380662;True;12/21/2025 10:51:25 PM:370;1766332285370;;
224;479;0.1166924;0.4442149;0.1317261;0.3463201;437.4;0.2380137;True;12/21/2025 10:51:25 PM:404;1766332285404;;
258;490;0.1347183;0.4539607;0.2175832;0.5428965;440.1;0.1474719;True;12/21/2025 10:51:25 PM:439;1766332285439;;
250;504;0.1304303;0.4671273;0.08848052;0.5718046;443.2;0.1809395;True;12/21/2025 10:51:25 PM:474;1766332285474;;
244;514;0.127234;0.4767692;0.08847869;0.571797;446.1;0.1809336;True;12/21/2025 10:51:25 PM:509;1766332285509;;
237;510;0.1238833;0.4724374;0.08368117;0.4276583;450.1;0.2192597;True;12/21/2025 10:51:25 PM:546;1766332285546;;
233;506;0.1213711;0.4692321;0.08368029;0.4277398;453.6;0.2193017;True;12/21/2025 10:51:25 PM:582;1766332285582;;
234;365;0.1220369;0.3387116;0.1334923;0.07882851;453.8;0.2270184;True;12/21/2025 10:51:25 PM:619;1766332285619;;
234;326;0.1220291;0.3027202;0.1216445;0.1754898;452.3;0.2267384;True;12/21/2025 10:51:25 PM:655;1766332285655;;
234;301;0.1220227;0.2789462;0.1216416;0.1754768;451.0;0.2267263;True;12/21/2025 10:51:25 PM:689;1766332285689;;
234;240;0.1220039;0.222656;0.1201711;0.05315929;449.8;0.2400163;True;12/21/2025 10:51:25 PM:724;1766332285724;;
234;202;0.1219891;0.1876298;0.1201506;0.05316677;448.8;0.2399763;True;12/21/2025 10:51:25 PM:757;1766332285757;;
233;176;0.121809;0.1635888;0.1099935;0.05595132;449.4;0.241725;True;12/21/2025 10:51:25 PM:792;1766332285792;;
234;156;0.122168;0.1450698;0.1321754;0.04926487;448.4;0.2364851;True;12/21/2025 10:51:25 PM:826;1766332285826;;
235;143;0.1224358;0.1326926;0.1321612;0.04927015;447.6;0.2364203;True;12/21/2025 10:51:25 PM:859;1766332285859;;
235;135;0.1228834;0.1252024;0.1355264;0.06530132;448.8;0.2359527;True;12/21/2025 10:51:25 PM:898;1766332285898;;
236;135;0.1229324;0.1250925;0.1282062;0.1201467;449.9;0.2359502;True;12/21/2025 10:51:25 PM:932;1766332285932;;
236;135;0.122939;0.1252572;0.1255775;0.142586;451.3;0.2285448;True;12/21/2025 10:51:25 PM:971;1766332285971;;
236;134;0.1230841;0.1244541;0.1316812;0.1056993;454.2;0.2287119;True;12/21/2025 10:51:26 PM:10;1766332286010;;
236;133;0.1232019;0.1238182;0.1316838;0.1057123;456.8;0.228708;True;12/21/2025 10:51:26 PM:51;1766332286051;;
235;148;0.1226918;0.1378959;0.1099874;0.2360771;457.0;0.2288221;True;12/21/2025 10:51:26 PM:89;1766332286089;;
234;163;0.1221087;0.1518025;0.1076122;0.2498762;457.2;0.2288198;True;12/21/2025 10:51:26 PM:130;1766332286130;;
229;234;0.1196217;0.2175636;0.08835106;0.4122911;455.7;0.2522074;True;12/21/2025 10:51:26 PM:170;1766332286170;;
230;215;0.1202409;0.1997373;0.1335235;0.09309872;455.4;0.2432552;True;12/21/2025 10:51:26 PM:210;1766332286210;;
228;271;0.1190367;0.2512728;0.09599265;0.4208016;453.5;0.2447809;True;12/21/2025 10:51:26 PM:248;1766332286248;;
226;308;0.1179932;0.2855457;0.0944296;0.4262431;451.9;0.244776;True;12/21/2025 10:51:26 PM:285;1766332286285;;
224;317;0.1170898;0.2939162;0.09347562;0.3646096;451.7;0.2401745;True;12/21/2025 10:51:26 PM:323;1766332286323;;
223;324;0.1163792;0.3001038;0.09347298;0.3646161;451.6;0.2401712;True;12/21/2025 10:51:26 PM:360;1766332286360;;
223;323;0.1162407;0.2996224;0.100561;0.2828212;451.1;0.2266605;True;12/21/2025 10:51:26 PM:398;1766332286398;;
223;323;0.1161888;0.2995853;0.1056058;0.2948191;449.8;0.2381651;True;12/21/2025 10:51:26 PM:436;1766332286436;;
223;323;0.1161472;0.2995557;0.1055984;0.2948153;448.7;0.2381629;True;12/21/2025 10:51:26 PM:473;1766332286473;;
218;344;0.1139792;0.319327;0.07867952;0.4306164;448.6;0.2404477;True;12/21/2025 10:51:26 PM:512;1766332286512;;
246;362;0.1284137;0.3355857;0.1902466;0.436451;448.1;0.2326483;True;12/21/2025 10:51:26 PM:554;1766332286554;;
269;377;0.1403267;0.3499315;0.1900934;0.4364864;447.6;0.2326407;True;12/21/2025 10:51:26 PM:616;1766332286616;;
280;367;0.1461256;0.3406918;0.1917277;0.2721846;446.4;0.2341742;True;12/21/2025 10:51:26 PM:654;1766332286654;;
280;400;0.1460426;0.3706601;0.1410886;0.5203503;445.2;0.2378076;True;12/21/2025 10:51:26 PM:689;1766332286689;;
277;407;0.1444928;0.377228;0.1196833;0.4520438;443.2;0.2460595;True;12/21/2025 10:51:26 PM:726;1766332286726;;
274;413;0.1432124;0.3825085;0.1196029;0.4520475;441.3;0.2460508;True;12/21/2025 10:51:26 PM:764;1766332286764;;
259;422;0.13533;0.3909169;0.07784437;0.4799596;441.0;0.2318416;True;12/21/2025 10:51:26 PM:801;1766332286801;;
248;429;0.1296392;0.3972749;0.07766636;0.4807618;440.7;0.2319127;True;12/21/2025 10:51:26 PM:837;1766332286837;;
246;460;0.1284398;0.4262718;0.09939326;0.5794767;440.8;0.2420169;True;12/21/2025 10:51:26 PM:874;1766332286874;;
244;482;0.1275076;0.4464013;0.09935555;0.5794926;440.9;0.242009;True;12/21/2025 10:51:26 PM:911;1766332286911;;
241;496;0.1257265;0.4601294;0.0892307;0.5767426;440.4;0.2215248;True;12/21/2025 10:51:26 PM:946;1766332286946;;
239;470;0.124736;0.4360567;0.09309972;0.3242725;440.8;0.2374981;True;12/21/2025 10:51:26 PM:981;1766332286981;;
236;465;0.122929;0.4308654;0.08508434;0.3847464;441.0;0.237483;True;12/21/2025 10:51:27 PM:21;1766332287021;;
234;479;0.121901;0.4439703;0.08731159;0.5505137;441.9;0.228029;True;12/21/2025 10:51:27 PM:56;1766332287056;;
233;446;0.1217901;0.4135033;0.1007508;0.2784301;441.6;0.2454152;True;12/21/2025 10:51:27 PM:90;1766332287090;;
233;423;0.1216989;0.3923387;0.1007393;0.2784321;441.3;0.2453799;True;12/21/2025 10:51:27 PM:124;1766332287124;;
232;458;0.1209486;0.4241425;0.08902919;0.5728335;441.3;0.2536037;True;12/21/2025 10:51:27 PM:161;1766332287161;;
230;483;0.120291;0.4479852;0.08903044;0.5728328;441.2;0.2536184;True;12/21/2025 10:51:27 PM:204;1766332287204;;
229;508;0.1197778;0.470691;0.08891157;0.5962799;440.2;0.2403203;True;12/21/2025 10:51:27 PM:246;1766332287246;;
245;511;0.1277359;0.4731999;0.169525;0.5271227;440.1;0.2385755;True;12/21/2025 10:51:27 PM:288;1766332287288;;
255;513;0.1330769;0.4750821;0.1693786;0.527167;440.0;0.2385484;True;12/21/2025 10:51:27 PM:329;1766332287329;;
284;506;0.1480066;0.4689053;0.2126345;0.4195112;439.6;0.2189095;True;12/21/2025 10:51:27 PM:371;1766332287371;;
311;512;0.1622938;0.4749281;0.2330169;0.5516019;440.0;0.2370527;True;12/21/2025 10:51:27 PM:406;1766332287406;;
331;518;0.1726067;0.4799221;0.2363605;0.5561522;440.3;0.2370899;True;12/21/2025 10:51:27 PM:439;1766332287439;;
348;481;0.1815076;0.4462642;0.2406643;0.3087032;441.1;0.2189291;True;12/21/2025 10:51:27 PM:474;1766332287474;;
352;482;0.1837192;0.4464909;0.2148956;0.4623287;440.5;0.2303039;True;12/21/2025 10:51:27 PM:512;1766332287512;;
355;482;0.1852577;0.4466579;0.2146405;0.4624281;439.9;0.2302884;True;12/21/2025 10:51:27 PM:544;1766332287544;;
352;443;0.1835733;0.4104601;0.1612575;0.2704282;439.9;0.2277882;True;12/21/2025 10:51:27 PM:582;1766332287582;;
348;419;0.1815231;0.3884483;0.1533759;0.2724701;440.0;0.2277998;True;12/21/2025 10:51:27 PM:616;1766332287616;;
345;423;0.1799443;0.3916802;0.1545037;0.448223;437.9;0.2367481;True;12/21/2025 10:51:27 PM:652;1766332287652;;
343;425;0.1788111;0.3939536;0.1541494;0.4483443;436.1;0.2367713;True;12/21/2025 10:51:27 PM:686;1766332287686;;
324;406;0.1691926;0.3767161;0.1062215;0.2801;435.9;0.2520275;True;12/21/2025 10:51:27 PM:722;1766332287722;;
306;408;0.1595261;0.3779035;0.09295285;0.4169092;436.5;0.2309271;True;12/21/2025 10:51:27 PM:757;1766332287757;;
294;410;0.1535289;0.3798499;0.09691642;0.4298168;437.1;0.2308793;True;12/21/2025 10:51:27 PM:790;1766332287790;;Started calibration 
